row_id,live_id,label,content,qwen_background_compact,content_probability,explanation_probability,positive_probability,prediction
douyin-test-000018,56697889278,1,紫砂壶,紫砂壶；提及,0.96337890625,0.9521484375,0.96337890625,1
douyin-test-000022,56697889278,0,吃中午了,未指明；陈述,0.0885009765625,0.1549072265625,0.0885009765625,0
douyin-test-000059,56697889278,1,好吃么,商品；询问,0.9580078125,0.97119140625,0.9580078125,1
douyin-test-000066,56697889278,0,卷钱跑路,未指明；负面评价,0.13818359375,0.1756591796875,0.13818359375,0
douyin-test-000069,56697889278,0,感觉他两个人好无聊,两个人；评价,0.09942626953125,0.144775390625,0.09942626953125,0
douyin-test-000081,56697889278,1,好吃,未指明；评价,0.943359375,0.921875,0.943359375,1
douyin-test-000091,56697889278,0,小贝好看,小贝；称赞,0.9716796875,0.80029296875,0.9716796875,1
douyin-test-000094,56697889278,1,贝贝，烤奶，空气炸锅烤多长时间？,贝贝；询问,0.595703125,0.685546875,0.595703125,1
douyin-test-000107,56697889278,1,是净重五斤吗,商品；询问,0.5625,0.96044921875,0.5625,0
douyin-test-000117,56697889278,0,你尝一尝,主播；请求,0.4638671875,0.86083984375,0.4638671875,0
douyin-test-000149,56697889278,0,数字代表什么意思？,数字；询问,0.1700439453125,0.19677734375,0.1700439453125,0
douyin-test-000160,56697889278,1,烤肠,未指明；询问,0.6396484375,0.8427734375,0.6396484375,1
douyin-test-000164,56697889278,1,这个是水果？,主播；询问,0.80615234375,0.90869140625,0.80615234375,1
douyin-test-000181,56697889278,1,请问宿舍没冰箱能放多久,腊排骨；询问,0.5166015625,0.50048828125,0.5166015625,0
douyin-test-000234,56697889278,1,麻辣香肠有吗麻辣香肠有吗,麻辣香肠；询问,0.96728515625,0.97314453125,0.96728515625,1
douyin-test-000235,56697889278,1,你们今年还卖西湖龙井茶吗？,西湖龙井茶；询问,0.228759765625,0.71630859375,0.228759765625,0
douyin-test-000250,56697889278,0,空气炸锅15分钟特别香,空气炸锅；评价,0.2060546875,0.255126953125,0.2060546875,0
douyin-test-000311,56697889278,1,四季豆好吃,四季豆；评价,0.95703125,0.95458984375,0.95703125,1
douyin-test-000335,56697889278,0,过了油的,豆角；评价,0.865234375,0.501953125,0.865234375,1
douyin-test-000362,56697889278,1,咸鸭蛋,咸鸭蛋；提及,0.5205078125,0.8251953125,0.5205078125,0
douyin-test-000371,56697889278,0,长春为啥不配送,配送区域；询问,0.16015625,0.2425537109375,0.16015625,0
douyin-test-000383,56697889278,1,60克和70克什么区别,产品；询问,0.95654296875,0.9521484375,0.95654296875,1
douyin-test-000433,56697889278,1,什么时候有菜板？谢谢,菜板；询问,0.9677734375,0.9658203125,0.9677734375,1
douyin-test-000466,56697889278,1,衬衣真好看,衬衣；称赞,0.9794921875,0.9716796875,0.9794921875,1
douyin-test-000489,56697889278,1,链接呢,商品；询问,0.8662109375,0.9736328125,0.8662109375,1
douyin-test-000503,56697889278,1,保温杯,保温杯；关注,0.96484375,0.931640625,0.96484375,1
douyin-test-000532,56697889278,1,米皮保质期,米皮；询问,0.9150390625,0.96435546875,0.9150390625,1
douyin-test-000540,56697889278,1,想要这个碗呢,碗；表达需求,0.96533203125,0.96630859375,0.96533203125,1
douyin-test-000546,56697889278,1,放点黄瓜,未指明；表达需求,0.31591796875,0.60009765625,0.31591796875,0
douyin-test-000566,56697889278,1,要碗,主播；要求,0.5498046875,0.394775390625,0.5498046875,0
douyin-test-000681,56697889278,0,小传熙下午好,小传熙；问候,0.08612060546875,0.09271240234375,0.08612060546875,0
douyin-test-000701,56697889278,1,烤肠什么时候上呢,直播商品；询问时间,0.96240234375,0.81005859375,0.96240234375,1
douyin-test-000706,56697889278,1,贝贝南瓜面又甜非常好吃！,贝贝南瓜面；评价,0.82470703125,0.72021484375,0.82470703125,1
douyin-test-000710,56697889278,1,没有了，加单,主播；结束,0.8310546875,0.27587890625,0.8310546875,1
douyin-test-000737,56697889278,1,发膜讲了吗？,发膜；询问,0.966796875,0.9541015625,0.966796875,1
douyin-test-000758,56697889278,1,彩椒不辣吧,彩椒；询问,0.271240234375,0.720703125,0.271240234375,0
douyin-test-000779,56697889278,1,宽的有么,产品；询问,0.98095703125,0.9794921875,0.98095703125,1
douyin-test-000811,56697889278,0,就哈吃，美滴很,吃；享受,0.146484375,0.1968994140625,0.146484375,0
douyin-test-000812,56697889278,1,馍怎么加热,馍；询问,0.25390625,0.434326171875,0.25390625,0
douyin-test-000853,56697889278,0,付了,未指明；确认,0.10400390625,0.16943359375,0.10400390625,0
douyin-test-000922,56697889278,1,酸吗？,苹果；询问,0.74072265625,0.91845703125,0.74072265625,1
douyin-test-000963,56697889278,0,300g,商品；询问,0.75244140625,0.95458984375,0.75244140625,1
douyin-test-000979,56697889278,1,讲一下小萨牛牛的口味吧！讲一下小萨牛牛的口味吧！讲一下小萨牛牛的口味吧！讲一下小萨牛牛的口味吧讲一下,小萨牛牛；询问,0.943359375,0.94091796875,0.943359375,1
douyin-test-000981,56697889278,1,是不是预制菜,产品；询问,0.87255859375,0.85546875,0.87255859375,1
douyin-test-000986,56697889278,0,已拍,未指明；确认,0.0953369140625,0.12420654296875,0.0953369140625,0
douyin-test-000991,56697889278,0,能拍的，都开过价的，放心拍,商品；确认,0.09185791015625,0.226806640625,0.09185791015625,0
douyin-test-000997,56697889278,1,有啥区别,产品；询问差异,0.888671875,0.91162109375,0.888671875,1
douyin-test-001026,56697889278,0,复合维生素,复合维生素；询问,0.498291015625,0.888671875,0.498291015625,0
douyin-test-001034,56697889278,1,荸荠什么时候开卖？,商品；询问时间,0.83935546875,0.669921875,0.83935546875,1
douyin-test-001097,56697889278,1,蓝莓还有吧今天,蓝莓；询问,0.85302734375,0.97265625,0.85302734375,1
douyin-test-001107,56697889278,0,欢迎蛇王,蛇王；欢迎,0.134765625,0.216796875,0.134765625,0
douyin-test-001109,56697889278,1,红薯还是紫薯,红薯；询问,0.931640625,0.97119140625,0.931640625,1
douyin-test-001121,56697889278,0,这才是小时候吃的烤地瓜,烤地瓜；评价,0.158203125,0.372314453125,0.158203125,0
douyin-test-001136,56697889278,1,拔丝地瓜好吃,地瓜；评价,0.96044921875,0.88525390625,0.96044921875,1
douyin-test-001161,56697889278,0,吉林拍不了,吉林；无法参与,0.2359619140625,0.1876220703125,0.2359619140625,0
douyin-test-001178,56697889278,0,绿色,未指明；陈述,0.486328125,0.1541748046875,0.486328125,0
douyin-test-001193,56697889278,0,妈呀,未指明；感叹,0.1129150390625,0.1246337890625,0.1129150390625,0
douyin-test-001195,56697889278,0,生吃厉害了,铁锅；称赞,0.322265625,0.400390625,0.322265625,0
douyin-test-001224,56697889278,1,芹菜胡萝卜苹果汁,芹菜；提及,0.7763671875,0.884765625,0.7763671875,1
douyin-test-001241,56697889278,1,皮也可以吃吗,蛋挞；询问,0.95263671875,0.9560546875,0.95263671875,1
douyin-test-001260,56697889278,1,蒸多久？,直播；询问,0.67138671875,0.302001953125,0.67138671875,1
douyin-test-001301,56697889278,1,指甲刀,指甲刀；评论,0.9560546875,0.93212890625,0.9560546875,1
douyin-test-001372,56697889278,0,发现鹏鹏儿还是黑了～哈哈,鹏鹏儿；评价,0.0853271484375,0.1573486328125,0.0853271484375,0
douyin-test-001406,56697889278,0,宇辉到杭州了,宇辉；告知,0.087158203125,0.1436767578125,0.087158203125,0
douyin-test-001452,56697889278,0,鹏鹏切的挺好呀，会做饭吧,鹏鹏；称赞,0.1129150390625,0.1636962890625,0.1129150390625,0
douyin-test-001462,56697889278,0,样样都新鲜,商品；评价,0.21484375,0.74755859375,0.21484375,0
douyin-test-001475,56697889278,1,这是什么肉,肉；询问,0.53515625,0.56494140625,0.53515625,0
douyin-test-001478,56697889278,1,可以生吃吗,产品；询问,0.93701171875,0.95947265625,0.93701171875,1
douyin-test-001479,56697889278,0,鹏鹏还是个双眼皮,鹏鹏；评价,0.1160888671875,0.171142578125,0.1160888671875,0
douyin-test-001480,56697889278,0,支持,未指明；支持,0.2486572265625,0.1602783203125,0.2486572265625,0
douyin-test-001514,dongfangzhenxuan,1,刺梨汁，今天机制是最划算的一次,刺梨汁；推荐,0.20458984375,0.74267578125,0.20458984375,0
douyin-test-001534,dongfangzhenxuan,0,没中[捂脸],福袋；表达遗憾,0.195556640625,0.167724609375,0.195556640625,0
douyin-test-001550,dongfangzhenxuan,0,拍两单,商品；购买,0.30712890625,0.59423828125,0.30712890625,0
douyin-test-001598,YDSZB666,1,这个好看,商品；评价,0.98388671875,0.98046875,0.98388671875,1
douyin-test-001644,YDSZB666,0,速度速度,主播；催促,0.318603515625,0.2021484375,0.318603515625,0
douyin-test-001653,YDSZB666,1,老板娘的项链,项链；关注,0.974609375,0.9599609375,0.974609375,1
douyin-test-001668,YDSZB666,0,连云港东海?,连云港；询问,0.2186279296875,0.328857421875,0.2186279296875,0
douyin-test-001686,YDSZB666,0,她家水晶很好,水晶；评价,0.9560546875,0.93994140625,0.9560546875,1
douyin-test-001723,YDSZB666,1,10mm黄水晶,黄水晶；询问,0.9775390625,0.97607421875,0.9775390625,1
douyin-test-001729,YDSZB666,1,好东西,未指明；评价,0.61083984375,0.57373046875,0.61083984375,1
douyin-test-001736,YDSZB666,0,10m,商品；询问,0.693359375,0.955078125,0.693359375,1
douyin-test-001773,YDSZB666,1,好看的,未指明；赞美,0.98046875,0.96533203125,0.98046875,1
douyin-test-001786,YDSZB666,1,多大的,产品；询问,0.9541015625,0.970703125,0.9541015625,1
douyin-test-001804,YDSZB666,1,紫水晶,紫水晶；请求,0.9794921875,0.98095703125,0.9794921875,1
douyin-test-001850,YDSZB666,0,都好漂亮啊,未指明；感叹,0.316162109375,0.24755859375,0.316162109375,0
douyin-test-001883,YDSZB666,1,有男生带的吗,男生；询问,0.97412109375,0.97509765625,0.97412109375,1
douyin-test-001894,YDSZB666,0,翡翠叶子,翡翠叶子；评论,0.5146484375,0.60595703125,0.5146484375,0
douyin-test-001919,YDSZB666,1,什么时候有佛公[看],佛公；询问时间,0.88720703125,0.350830078125,0.88720703125,1
douyin-test-002012,YDSZB666,0,会长夫人更可爱,会长夫人；称赞,0.09576416015625,0.176513671875,0.09576416015625,0
douyin-test-002027,YDSZB666,0,深夜福利[比心][比心][比心],深夜福利；表达喜爱,0.13720703125,0.1866455078125,0.13720703125,0
douyin-test-002044,liuyuanyuan1991,0,刘媛媛这个状态真不错,刘媛媛；评价,0.09149169921875,0.2259521484375,0.09149169921875,0
douyin-test-002059,liuyuanyuan1991,1,叶黄素怎么吃,叶黄素；询问用法,0.791015625,0.91552734375,0.791015625,1
douyin-test-002066,liuyuanyuan1991,1,物美价廉,商品；称赞,0.45458984375,0.8291015625,0.45458984375,0
douyin-test-002149,liuyuanyuan1991,1,奶粉是澳洲产的吗?生产日期是什么时候?,奶粉；询问,0.9521484375,0.95654296875,0.9521484375,1
douyin-test-002164,liuyuanyuan1991,0,主播大气,主播；夸赞,0.1063232421875,0.14306640625,0.1063232421875,0
douyin-test-002196,liuyuanyuan1991,0,长的好像曹颖,曹颖；评价,0.1456298828125,0.2210693359375,0.1456298828125,0
douyin-test-002207,liuyuanyuan1991,1,多久见效果,产品；询问,0.61083984375,0.95947265625,0.61083984375,1
douyin-test-002228,liuyuanyuan1991,1,口感好吃不,产品；询问,0.9521484375,0.96826171875,0.9521484375,1
douyin-test-002229,liuyuanyuan1991,0,一天吃,产品；询问,0.17919921875,0.92626953125,0.17919921875,0
douyin-test-002240,liuyuanyuan1991,1,哺乳期能吃吗,孕妇；询问,0.93310546875,0.89697265625,0.93310546875,1
douyin-test-002243,liuyuanyuan1991,0,支持支持支持支持支持支持支持支持支持支持支持支持[打call][打call][比心],主播；赞扬,0.239013671875,0.184326171875,0.239013671875,0
douyin-test-002260,liuyuanyuan1991,1,"这个维生素是连续吃几个月,需要停吗?",维生素；询问,0.7822265625,0.626953125,0.7822265625,1
douyin-test-002294,liuyuanyuan1991,0,太给力了,主播；称赞,0.221923828125,0.1739501953125,0.221923828125,0
douyin-test-002361,1706638111,0,"好,上车",未指明；表达意愿,0.10235595703125,0.1800537109375,0.10235595703125,0
douyin-test-002411,1706638111,1,有花椒吗,商品；询问,0.9658203125,0.98095703125,0.9658203125,1
douyin-test-002416,1706638111,1,西红柿有吗,商品；询问,0.9736328125,0.98046875,0.9736328125,1
douyin-test-002458,1706638111,1,陕西洛川苹果有吗?,商家；询问商品,0.96435546875,0.9677734375,0.96435546875,1
douyin-test-002466,1706638111,1,玫瑰花饼,玫瑰花饼；询问,0.97119140625,0.9755859375,0.97119140625,1
douyin-test-002490,1706638111,0,小明不务正业,小明；批评,0.11175537109375,0.1314697265625,0.11175537109375,0
douyin-test-002537,1706638111,0,一买刹不住车[捂脸],主播；表达情绪,0.0894775390625,0.12457275390625,0.0894775390625,0
douyin-test-002580,1706638111,0,刚那个坏了吗,商品；询问,0.81982421875,0.85693359375,0.81982421875,1
douyin-test-002632,1706638111,0,鸡屎白是味中药材哦[捂脸],鸡屎白；陈述,0.1680908203125,0.2822265625,0.1680908203125,0
douyin-test-002648,1706638111,0,红的太可怕,鸡蛋；评价,0.125244140625,0.2509765625,0.125244140625,0
douyin-test-002730,577894592,1,167108需要拍l不衬衣,不衬衣；询问,0.97802734375,0.97509765625,0.97802734375,1
douyin-test-002732,577894592,1,娃娃领白色上衣上吗,娃娃领白色上衣；询问,0.98095703125,0.97705078125,0.98095703125,1
douyin-test-002742,577894592,1,里面背心是哪个,背心；询问,0.9775390625,0.97802734375,0.9775390625,1
douyin-test-002743,577894592,1,牛仔外套是几号链接,牛仔外套；询问,0.9794921875,0.97216796875,0.9794921875,1
douyin-test-002779,577894592,1,黑色蓝色?,衣服颜色；询问,0.97998046875,0.97216796875,0.97998046875,1
douyin-test-002795,127652977,1,有没有原箱的,商品；询问,0.966796875,0.962890625,0.966796875,1
douyin-test-002818,xinjiangheti27,1,带链子?,链子；询问,0.970703125,0.9697265625,0.970703125,1
douyin-test-002821,xinjiangheti27,0,我失明好了[舔屏],主播；调侃,0.07403564453125,0.12103271484375,0.07403564453125,0
douyin-test-002832,xinjiangheti27,0,"我是女娲,我来补",女娲；自称,0.10308837890625,0.2261962890625,0.10308837890625,0
douyin-test-002839,xinjiangheti27,1,直切和田玉手串上一下!,和田玉手串；要求展示,0.9375,0.79052734375,0.9375,1
douyin-test-002859,xinjiangheti27,1,跪求一千左右手镯,手镯；请求,0.96923828125,0.97265625,0.96923828125,1
douyin-test-002862,xinjiangheti27,0,猫没活着[捂脸][捂脸][捂脸][捂脸],猫；表达情绪,0.11572265625,0.131103515625,0.11572265625,0
douyin-test-002873,xinjiangheti27,1,"老郑,男士介子",老郑；称呼,0.93408203125,0.2425537109375,0.93408203125,1
douyin-test-002892,xinjiangheti27,0,不服就干他,主播；挑衅,0.0950927734375,0.14794921875,0.0950927734375,0
douyin-test-002893,xinjiangheti27,0,那个人两天没播了,主播；评论,0.10321044921875,0.1231689453125,0.10321044921875,0
douyin-test-002962,xinjiangheti27,1,"千手观音红皮,郑总",郑总；提及,0.92529296875,0.482421875,0.92529296875,1
douyin-test-003006,elslk001,0,已拍加急,用户；确认,0.09161376953125,0.1494140625,0.09161376953125,0
douyin-test-003010,elslk001,0,把你上架,主播；要求,0.09637451171875,0.206298828125,0.09637451171875,0
douyin-test-003013,elslk001,0,退运费,未指明；要求,0.1295166015625,0.22900390625,0.1295166015625,0
douyin-test-003041,elslk001,0,"滚粗,见一次骂一次",主播；辱骂,0.1016845703125,0.1273193359375,0.1016845703125,0
douyin-test-003046,elslk001,1,小块的呢,巧克力；询问,0.974609375,0.97509765625,0.974609375,1
douyin-test-003077,Jing1000086,0,欣姐要放大招了,欣姐；期待,0.12445068359375,0.1641845703125,0.12445068359375,0
douyin-test-003079,Jing1000086,1,"矮个子的上衣,再加点",上衣；请求,0.978515625,0.978515625,0.978515625,1
douyin-test-003100,Jing1000086,0,牛仔裤没有了,牛仔裤；陈述,0.97412109375,0.962890625,0.97412109375,1
douyin-test-003116,Jing1000086,0,裤子再加[捂脸]卡了没拍到,裤子；表达遗憾,0.6728515625,0.7978515625,0.6728515625,1
douyin-test-003120,Jing1000086,1,推荐啥色,主播；询问,0.97998046875,0.9375,0.97998046875,1
douyin-test-003125,Jing1000086,0,裤子上点没抢到,裤子；询问,0.96337890625,0.96826171875,0.96337890625,1
douyin-test-003198,Jing1000086,1,是外套还是皮肤衣,商品；询问,0.9794921875,0.97900390625,0.9794921875,1
douyin-test-003214,Jing1000086,1,蕾丝美背有吗,商品；询问,0.982421875,0.9814453125,0.982421875,1
douyin-test-003247,Jing1000086,0,欣儿穿啥都好看,欣儿；评价,0.51953125,0.5107421875,0.51953125,0
douyin-test-003250,Jing1000086,0,私服什么时候上,商品；询问时间,0.8046875,0.76318359375,0.8046875,1
douyin-test-003256,Jing1000086,0,什么时候能发货,商家；询问,0.50634765625,0.2998046875,0.50634765625,0
douyin-test-003260,Jing1000086,0,又没抢到,商品；抱怨,0.9228515625,0.88134765625,0.9228515625,1
douyin-test-003361,Jing1000086,1,黄黑皮能穿这个白色吗,衣服；询问,0.98095703125,0.97314453125,0.98095703125,1
douyin-test-003364,Jing1000086,1,身上的美背,上衣；评价,0.258544921875,0.95458984375,0.258544921875,0
douyin-test-003565,Jing1000086,1,这个背心厚吗?,背心；询问,0.9814453125,0.98046875,0.9814453125,1
douyin-test-003604,Jing1000086,1,白色连衣裙,连衣裙；描述,0.9775390625,0.97607421875,0.9775390625,1
douyin-test-003610,Jing1000086,1,还可以搭什么衣服?,衣服；询问,0.978515625,0.9736328125,0.978515625,1
douyin-test-003635,Jing1000086,1,上衣还可以搭其它的吗?,上衣；询问,0.9814453125,0.97705078125,0.9814453125,1
douyin-test-003645,Jing1000086,1,我喜欢你的项链配饰,主播；赞美,0.81201171875,0.830078125,0.81201171875,1
douyin-test-003665,Jing1000086,1,164拍哪个码,上衣；询问,0.9794921875,0.970703125,0.9794921875,1
douyin-test-003685,Jing1000086,0,还可以,未指明；评价,0.583984375,0.68603515625,0.583984375,1
douyin-test-003714,Jing1000086,0,萝卜青菜各有所爱[赞],未指明；表达观点,0.1451416015625,0.1971435546875,0.1451416015625,0
douyin-test-003726,Jing1000086,1,私服全部上,私服；要求上架,0.1585693359375,0.413818359375,0.1585693359375,0
douyin-test-003727,Jing1000086,1,想要短袖套装裙,短袖套装裙；想要,0.98095703125,0.9755859375,0.98095703125,1
douyin-test-003808,Jing1000086,1,没背会下漏吗,腰带；询问,0.486083984375,0.904296875,0.486083984375,0
douyin-test-003844,Jing1000086,1,有没有短款,商品；询问,0.97998046875,0.9765625,0.97998046875,1
douyin-test-003847,Jing1000086,1,配下白色腰带看看,腰带；请求展示,0.98046875,0.97998046875,0.98046875,1
douyin-test-003862,Jing1000086,1,袖子放下来吧,主播；要求,0.1092529296875,0.1885986328125,0.1092529296875,0
douyin-test-003867,Jing1000086,1,皮带开下,皮带；开下,0.96826171875,0.95751953125,0.96826171875,1
douyin-test-003923,Jing1000086,1,还可以搭什么鞋子,鞋子；询问,0.978515625,0.97412109375,0.978515625,1
douyin-test-003940,Jing1000086,0,咋没袖子,连衣裙；询问,0.1104736328125,0.96875,0.1104736328125,0
douyin-test-003945,Jing1000086,0,怎么都是白色的,欣姐；评价,0.253662109375,0.300048828125,0.253662109375,0
douyin-test-003950,Jing1000086,0,"欣姐,播播间没有的仿版配饰在哪里买[捂脸]",欣姐；询问,0.95947265625,0.8984375,0.95947265625,1
douyin-test-003962,Jing1000086,1,这套好看气质,服装；评价,0.9814453125,0.96875,0.9814453125,1
douyin-test-003994,Jing1000086,0,"不能看你直播,看到你直播啥都想买",直播；表达意愿,0.0858154296875,0.1328125,0.0858154296875,0
douyin-test-004006,Jing1000086,1,可以再穿下三号吗?,主播；请求,0.9814453125,0.97607421875,0.9814453125,1
douyin-test-004057,Jing1000086,0,我拍了7件加急发货,商品；确认,0.08251953125,0.197509765625,0.08251953125,0
douyin-test-004107,Jing1000086,1,一套吗,袜子；询问数量,0.97412109375,0.96728515625,0.97412109375,1
douyin-test-004128,Jing1000086,1,一套吗,主播；询问,0.97412109375,0.9658203125,0.97412109375,1
douyin-test-004163,Jing1000086,0,哎米生日快乐,艾米；祝福,0.0889892578125,0.082763671875,0.0889892578125,0
douyin-test-004167,Jing1000086,1,有险险吗,艾米；祝福,0.31103515625,0.301025390625,0.31103515625,0
douyin-test-004172,Jing1000086,1,"163拍小个子,还是高个子",,0.59033203125,0.43994140625,0.59033203125,1
douyin-test-004192,Jing1000086,1,远一点看看,主播；要求查看,0.77490234375,0.333984375,0.77490234375,1
douyin-test-004200,Jing1000086,1,有口袋吗屁股后面,水杯；询问,0.7841796875,0.96533203125,0.7841796875,1
douyin-test-004236,Jing1000086,1,美背大胸能穿不,衣服；询问,0.97265625,0.97021484375,0.97265625,1
douyin-test-004242,Jing1000086,1,单独的内搭蕾丝有吗?,内搭蕾丝；询问,0.982421875,0.98193359375,0.982421875,1
douyin-test-004287,Jing1000086,0,没有了,未指明；结束,0.97314453125,0.56787109375,0.97314453125,1
douyin-test-004333,Jing1000086,1,黄皮推荐什么颜色,用户；询问,0.9775390625,0.98046875,0.9775390625,1
douyin-test-004358,Jing1000086,1,"美背,胸大能穿不",衣服；询问,0.9794921875,0.9716796875,0.9794921875,1
douyin-test-004381,Jing1000086,1,身上衣服要,未指明；询问,0.97900390625,0.974609375,0.97900390625,1
douyin-test-004396,Jing1000086,1,今天你身上穿的一身白的私服有吗,衣服；询问,0.96142578125,0.95849609375,0.96142578125,1
douyin-test-004406,achun1999,0,生日礼物,未指明；表达意图,0.07550048828125,0.09173583984375,0.07550048828125,0
douyin-test-004420,achun1999,1,精华精华[色],主播；表达喜爱,0.97265625,0.78857421875,0.97265625,1
douyin-test-004439,achun1999,1,等这个等好久了,未指明；等待,0.10076904296875,0.27294921875,0.10076904296875,0
douyin-test-004454,achun1999,0,生日快乐啊,主播；祝福,0.0797119140625,0.0726318359375,0.0797119140625,0
douyin-test-004460,achun1999,1,"哥,泥膜呢,啥时候上啊",泥膜；询问,0.96826171875,0.96728515625,0.96826171875,1
douyin-test-004462,achun1999,0,下午好下午好,未指明；问候,0.08642578125,0.0816650390625,0.08642578125,0
douyin-test-004466,achun1999,0,生日礼物生日礼物,生日礼物；称赞,0.08233642578125,0.11163330078125,0.08233642578125,0
douyin-test-004501,achun1999,1,没链接了,未指明；陈述,0.8486328125,0.2734375,0.8486328125,1
douyin-test-004519,achun1999,0,主播太给力了,主播；赞扬,0.09893798828125,0.1436767578125,0.09893798828125,0
douyin-test-004520,achun1999,0,生日礼物生日礼物生日礼物,生日礼物；重复强调,0.08868408203125,0.1358642578125,0.08868408203125,0
douyin-test-004537,achun1999,1,泥膜和控油乳,产品；提及,0.97900390625,0.96630859375,0.97900390625,1
douyin-test-004658,achun1999,1,洗发水洗发水洗发水洗发水洗发水洗发水洗发水洗发水洗发水洗发水洗发水洗发水,洗发水；重复强调,0.97998046875,0.974609375,0.97998046875,1
douyin-test-004679,achun1999,1,黑玫瑰精油[比心][比心][比心]黑玫瑰精油[比心][比心][比心]黑玫瑰精油[比心][比心][比心],黑玫瑰精油；赞美,0.958984375,0.97509765625,0.958984375,1
douyin-test-004780,achun1999,0,"福袋,福袋,福袋",福袋；强调,0.8134765625,0.93701171875,0.8134765625,1
douyin-test-004784,achun1999,1,有没有沐浴露啊?,沐浴露；询问,0.98291015625,0.98388671875,0.98291015625,1
douyin-test-004790,achun1999,1,之前的蓝面膜怎么办,蓝面膜；询问处理,0.87841796875,0.85302734375,0.87841796875,1
douyin-test-004887,achun1999,0,生日礼物,生日礼物；提及,0.07550048828125,0.09368896484375,0.07550048828125,0
douyin-test-004914,achun1999,1,啥时候上洗面奶,洗面奶；询问时间,0.98291015625,0.97900390625,0.98291015625,1
douyin-test-004983,achun1999,1,果酸身体乳,果酸身体乳；提及,0.9755859375,0.9765625,0.9755859375,1
douyin-test-004997,achun1999,0,没有了,未指明；结束,0.97314453125,0.56787109375,0.97314453125,1
douyin-test-004999,achun1999,1,洗面奶,洗面奶；关注,0.98046875,0.9775390625,0.98046875,1
douyin-test-005024,achun1999,1,换包装了?,卸妆油；询问,0.65771484375,0.93310546875,0.65771484375,1
douyin-test-005030,achun1999,1,拍不到,商品；表达遗憾,0.481689453125,0.8740234375,0.481689453125,0
douyin-test-005036,achun1999,1,精华水,精华水；提及,0.9794921875,0.97705078125,0.9794921875,1
douyin-test-005048,achun1999,1,咋么用,产品；询问,0.96728515625,0.970703125,0.96728515625,1
douyin-test-005054,achun1999,1,蛋黄油,蛋黄油；提及,0.927734375,0.97607421875,0.927734375,1
douyin-test-005109,achun1999,1,去油吗,产品；询问,0.92236328125,0.97607421875,0.92236328125,1
douyin-test-005110,achun1999,1,油头适用吗,产品；询问,0.9736328125,0.986328125,0.9736328125,1
douyin-test-005172,achun1999,1,水乳霜三件套有吗?,主播；询问,0.98046875,0.9814453125,0.98046875,1
douyin-test-005173,achun1999,0,盛世炜虹文化,盛世炜虹文化；提及,0.105224609375,0.189208984375,0.105224609375,0
douyin-test-005176,achun1999,0,花了4000多了,未指明；陈述,0.1591796875,0.231689453125,0.1591796875,0
douyin-test-005182,achun1999,1,香皂在哪里老板,老板；询问,0.98095703125,0.96826171875,0.98095703125,1
douyin-test-005245,achun1999,1,牙膏牙膏牙膏牙膏,牙膏；重复强调,0.9775390625,0.97412109375,0.9775390625,1
douyin-test-005268,achun1999,1,能擦脸吗,沐浴露；询问用途,0.94970703125,0.98095703125,0.94970703125,1
douyin-test-005272,achun1999,1,素颜霜,素颜霜；关注,0.9853515625,0.9697265625,0.9853515625,1
douyin-test-005278,achun1999,0,让我中个福袋吧,主播；请求,0.1171875,0.268798828125,0.1171875,0
douyin-test-005331,achun1999,0,还没来得及,未指明；表达状态,0.19873046875,0.1571044921875,0.19873046875,0
douyin-test-005357,achun1999,1,牙膏牙膏牙膏牙膏牙膏牙膏牙膏牙膏牙膏牙膏牙膏牙膏牙膏牙膏牙膏牙膏牙膏牙膏牙膏牙膏牙膏牙膏牙膏牙膏牙膏,牙膏；重复强调,0.94921875,0.96826171875,0.94921875,1
douyin-test-005364,achun1999,0,"西藏不发货,中个福袋吧",西藏；请求,0.173828125,0.2861328125,0.173828125,0
douyin-test-005453,achun1999,1,清洁泥膜,清洁泥膜；询问,0.97900390625,0.9814453125,0.97900390625,1
douyin-test-005506,weixue0806,1,再说一遍好吗?来迟了不知道怎么用,产品；请求说明,0.1773681640625,0.8779296875,0.1773681640625,0
douyin-test-005509,weixue0806,1,哪面往脸上敷,面膜；询问使用方法,0.377197265625,0.95458984375,0.377197265625,0
douyin-test-005563,weixue0806,1,这个多久敷一片啊,面膜；询问使用时间,0.95166015625,0.9619140625,0.95166015625,1
douyin-test-005570,weixue0806,1,敷完还要擦水乳吗,用户；询问,0.97900390625,0.9755859375,0.97900390625,1
douyin-test-005576,weixue0806,1,衣服看看,主播；观看,0.9794921875,0.96142578125,0.9794921875,1
douyin-test-005594,weixue0806,1,睡衣尺码,睡衣；询问,0.9794921875,0.9755859375,0.9794921875,1
douyin-test-005603,weixue0806,1,油霜还可以开团吗,油霜；询问,0.982421875,0.97119140625,0.982421875,1
douyin-test-005607,weixue0806,1,哺乳期能用吗,产品；询问,0.97314453125,0.978515625,0.97314453125,1
douyin-test-005616,weixue0806,1,干皮能用油霜吗,产品；询问,0.98388671875,0.9833984375,0.98388671875,1
douyin-test-005629,weixue0806,1,晚上敷完之后正常再用精华、眼霜、和面霜吗,用户；询问,0.9677734375,0.9638671875,0.9677734375,1
douyin-test-005662,weixue0806,0,姐姐减肥总减不下来怎么办啊啊啊一直在焦虑,减肥者；求助,0.09613037109375,0.157958984375,0.09613037109375,0
douyin-test-005694,weixue0806,0,不洗脸会干嘛?,用户；疑问,0.360595703125,0.29736328125,0.360595703125,0
douyin-test-005710,weixue0806,1,用法说一下,产品；请求说明,0.97705078125,0.98193359375,0.97705078125,1
douyin-test-005724,weixue0806,0,"又喝可乐又喝奶茶.不会胖,好羡慕",自己；陈述,0.1632080078125,0.2578125,0.1632080078125,0
douyin-test-005727,weixue0806,0,眼袋是不是只能割啊,眼袋；询问,0.20556640625,0.1939697265625,0.20556640625,0
douyin-test-005754,weixue0806,1,鼻翼鼻尖起皮的油有推荐吗,,0.98193359375,0.978515625,0.98193359375,1
douyin-test-005755,weixue0806,1,讲讲油呗,油；询问,0.97314453125,0.97216796875,0.97314453125,1
douyin-test-005765,weixue0806,1,买了面膜想听下眼膜,眼膜；询问,0.96435546875,0.9794921875,0.96435546875,1
douyin-test-005782,weixue0806,1,推荐那款防晒,防晒；推荐,0.98193359375,0.97216796875,0.98193359375,1
douyin-test-005787,weixue0806,1,求推荐防晒霜,防晒霜；请求推荐,0.98095703125,0.97802734375,0.98095703125,1
douyin-test-005802,weixue0806,0,我没有,未指明；否定,0.89208984375,0.1614990234375,0.89208984375,1
douyin-test-005809,weixue0806,1,不出门用涂吗?,防晒产品；询问,0.978515625,0.978515625,0.978515625,1
douyin-test-005847,weixue0806,0,"辣眼睛,碰到眼睛流眼泪",眼睛；描述现象,0.09942626953125,0.1551513671875,0.09942626953125,0
douyin-test-005855,weixue0806,1,第一次刷到你.我想要你两半的面膜,面膜；想要,0.490478515625,0.6611328125,0.490478515625,0
douyin-test-005891,weixue0806,1,可以和水光霜一起用吗,水光霜；询问,0.982421875,0.98193359375,0.982421875,1
douyin-test-005902,weixue0806,1,定妆喷雾有没有试用装啊,定妆喷雾；询问,0.9814453125,0.984375,0.9814453125,1
douyin-test-005910,weixue0806,0,刚收到挺好用的呢不输我之前用的大牌哦[比心],防晒；评价,0.9306640625,0.85888671875,0.9306640625,1
douyin-test-005946,weixue0806,1,防晒霜需要卸吗?,防晒霜；询问,0.9833984375,0.9736328125,0.9833984375,1
douyin-test-005972,weixue0806,1,眼油真的能除皱吗?,眼油；询问,0.5390625,0.5869140625,0.5390625,0
douyin-test-005994,weixue0806,1,衣服谁家的,衣服；询问来源,0.978515625,0.9677734375,0.978515625,1
douyin-test-006000,weixue0806,0,有点像杨幂,杨幂；比较,0.175048828125,0.2193603515625,0.175048828125,0
douyin-test-006036,weixue0806,1,能讲一下眼油吗,眼油；询问,0.9794921875,0.97607421875,0.9794921875,1
douyin-test-006044,weixue0806,0,我也在边缘试探了,未指明；表达状态,0.07958984375,0.12841796875,0.07958984375,0
douyin-test-006046,weixue0806,0,大爱,未指明；表达喜爱,0.0965576171875,0.1417236328125,0.0965576171875,0
douyin-test-006111,weixue0806,1,需要卸装不,用户；询问,0.919921875,0.732421875,0.919921875,1
douyin-test-006142,weixue0806,0,"想想想,想想,想想,想想",未指明；重复表达,0.1585693359375,0.2149658203125,0.1585693359375,0
douyin-test-006143,weixue0806,1,水光霜下链接了吗?,水光霜；询问,0.98046875,0.9775390625,0.98046875,1
douyin-test-006160,weixue0806,1,雪啊!你说的油霜是哪个?,油霜；询问,0.97802734375,0.9814453125,0.97802734375,1
douyin-test-006180,weixue0806,1,有定妆粉么,定妆粉；询问,0.98291015625,0.97998046875,0.98291015625,1
douyin-test-006251,weixue0806,0,有黑头怎么处理雪雪[流泪][流泪][流泪][流泪][比心][比心][比心][比心][比心][比心][比心][比心][比心],雪雪；表达情感,0.11077880859375,0.1434326171875,0.11077880859375,0
douyin-test-006283,weixue0806,1,是六盒嘛?,产品；询问,0.97021484375,0.9638671875,0.97021484375,1
douyin-test-006318,weixue0806,1,你应该说一下怎么用,主播；要求说明,0.75341796875,0.2919921875,0.75341796875,1
douyin-test-006334,weixue0806,1,三明治怎么用?[比心][比心][比心][比心],三明治；询问使用方法,0.9599609375,0.96240234375,0.9599609375,1
douyin-test-006373,weixue0806,1,口红有吗,口红；询问,0.9814453125,0.97802734375,0.9814453125,1
douyin-test-006396,weixue0806,1,怎么没有你说的灌肤呢面膜,灌肤面膜；询问,0.95263671875,0.962890625,0.95263671875,1
douyin-test-006406,weixue0806,0,你在吃什么呀,主播；询问,0.119140625,0.340087890625,0.119140625,0
douyin-test-006414,weixue0806,1,胶原蛋白是哪一款,胶原蛋白；询问,0.98095703125,0.9814453125,0.98095703125,1
douyin-test-006426,weixue0806,1,姐姐有没有推荐给高中生的补水面膜,高中生；询问推荐,0.9833984375,0.9814453125,0.9833984375,1
douyin-test-006448,weixue0806,0,怎么那么好看呀,主播；赞美,0.890625,0.2152099609375,0.890625,1
douyin-test-006461,weixue0806,0,姐姐姐姐黑眼圈怎么办,黑眼圈；询问,0.117919921875,0.196044921875,0.117919921875,0
douyin-test-006471,weixue0806,0,"姐姐,真好看,那項鍊～",项鍊；称赞,0.9501953125,0.95068359375,0.9501953125,1
douyin-test-006488,weixue0806,0,主打就是一个叛逆[捂脸],主播；表达情绪,0.10052490234375,0.11474609375,0.10052490234375,0
douyin-test-006500,weixue0806,1,外套有吗?,外套；询问,0.9775390625,0.974609375,0.9775390625,1
douyin-test-006515,weixue0806,1,法令纹严重用什么面膜,面膜；询问,0.98291015625,0.98291015625,0.98291015625,1
douyin-test-006542,weixue0806,0,黑眼圈大,黑眼圈；描述,0.1748046875,0.1881103515625,0.1748046875,0
douyin-test-006639,weixue0806,1,用完再有水乳霜吗,水乳霜；询问,0.98193359375,0.98193359375,0.98193359375,1
douyin-test-006662,weixue0806,1,防晒真的好用,防晒产品；推荐,0.97998046875,0.9462890625,0.97998046875,1
douyin-test-006682,weixue0806,0,眼袋眼袋有好方法吗,眼袋；询问,0.473876953125,0.5029296875,0.473876953125,0
douyin-test-006684,weixue0806,1,灌注面膜是什么品牌,面膜品牌；询问,0.98291015625,0.97998046875,0.98291015625,1
douyin-test-006730,weixue0806,1,设这是睡衣吗,睡衣；询问,0.9794921875,0.97705078125,0.9794921875,1
douyin-test-006757,weixue0806,1,护手霜有货没有?,护手霜；询问,0.9794921875,0.9794921875,0.9794921875,1
douyin-test-006784,weixue0806,1,18号介绍一下,产品；要求介绍,0.978515625,0.98291015625,0.978515625,1
douyin-test-006801,weixue0806,1,面霜推荐一下,面霜；推荐,0.98193359375,0.98046875,0.98193359375,1
douyin-test-006814,weixue0806,0,水蜜桃是个什么平台[捂脸],水蜜桃平台；询问,0.41650390625,0.572265625,0.41650390625,0
douyin-test-006837,weixue0806,0,受损了怎么办,皮肤；询问,0.09375,0.2076416015625,0.09375,0
douyin-test-006855,weixue0806,1,痘印用什么好.美女,痘印；询问,0.9775390625,0.9755859375,0.9775390625,1
douyin-test-006866,weixue0806,0,你睫毛怎么这么长,睫毛；询问,0.0838623046875,0.1678466796875,0.0838623046875,0
douyin-test-006869,weixue0806,1,姐姐长痘痘用哪个,姐姐；询问,0.9765625,0.9755859375,0.9765625,1
douyin-test-006895,weixue0806,0,凹陷呢?,水光；询问,0.26416015625,0.31396484375,0.26416015625,0
douyin-test-006915,weixue0806,1,"新粉,介绍下面膜好用吗?",面膜；询问,0.98486328125,0.984375,0.98486328125,1
douyin-test-006934,weixue0806,0,雪雪对我钱包比较友好[比心][比心][比心][比心][比心],钱包；友好,0.1044921875,0.2042236328125,0.1044921875,0
douyin-test-006937,weixue0806,0,肉毒弄[比心][比心][比心][比心][比心][比心][比心][比心][比心][比心][比心][比心],肉毒；表达喜爱,0.180419921875,0.15966796875,0.180419921875,0
douyin-test-006946,weixue0806,1,眼膜什么时候有眼膜什么时候有,眼膜；询问,0.96630859375,0.9697265625,0.96630859375,1
douyin-test-006988,weixue0806,0,眼部保养姐姐,主播；询问,0.1790771484375,0.255615234375,0.1790771484375,0
douyin-test-007000,weixue0806,0,脸垮脸凹怎么办、打什么,脸部；询问,0.140869140625,0.1556396484375,0.140869140625,0
douyin-test-007007,weixue0806,1,衬衫哪里买,衬衫；询问,0.97412109375,0.97265625,0.97412109375,1
douyin-test-007019,weixue0806,0,今天刚打的皮贴骨,未指明；陈述,0.257080078125,0.59912109375,0.257080078125,0
douyin-test-007050,weixue0806,0,刚做完轮廓三件套,轮廓三件套；陈述,0.84765625,0.88037109375,0.84765625,1
douyin-test-007060,weixue0806,0,"做提升啊,脸垮很正常",脸；描述状态,0.107177734375,0.1451416015625,0.107177734375,0
douyin-test-007064,weixue0806,0,眉上面有个黑点,面部；指出问题,0.1666259765625,0.1910400390625,0.1666259765625,0
douyin-test-007103,weixue0806,1,毛孔粗大的,毛孔粗大；询问,0.211181640625,0.31005859375,0.211181640625,0
douyin-test-007114,weixue0806,0,很吃妆是什么原因?,皮肤问题；询问原因,0.10845947265625,0.234375,0.10845947265625,0
douyin-test-007125,weixue0806,0,口角囊袋怎么办,口角囊袋；询问,0.10784912109375,0.168701171875,0.10784912109375,0
douyin-test-007135,weixue0806,1,唇膏你用的是粉色还是蓝色,唇膏；询问,0.9775390625,0.98095703125,0.9775390625,1
douyin-test-007145,weixue0806,0,有斑怎么办?有斑怎么办?有斑怎么办?有斑怎么办?有斑怎么办?有斑怎么办?,有斑；询问,0.170166015625,0.2529296875,0.170166015625,0
douyin-test-007154,weixue0806,0,"我都快用完了,才知道怎么用",产品；反馈,0.329345703125,0.55126953125,0.329345703125,0
douyin-test-007172,weixue0806,0,鼻子塌怎么办,鼻子；询问,0.1007080078125,0.1903076171875,0.1007080078125,0
douyin-test-007210,weixue0806,1,面膜有吗,面膜；询问,0.98291015625,0.97900390625,0.98291015625,1
douyin-test-007215,weixue0806,1,讲一下用法,产品；询问,0.97802734375,0.982421875,0.97802734375,1
douyin-test-007226,weixue0806,0,祛斑祛斑,产品；推荐,0.2181396484375,0.451171875,0.2181396484375,0
douyin-test-007233,weixue0806,0,换地方了,未指明；转移话题,0.1419677734375,0.16162109375,0.1419677734375,0
douyin-test-007250,weixue0806,0,光子能一直做吗,光子；询问,0.1380615234375,0.2213134765625,0.1380615234375,0
douyin-test-007264,weixue0806,1,"要油,面霜",面霜；要求,0.984375,0.9833984375,0.984375,1
douyin-test-007276,weixue0806,1,5号面膜怎么用,面膜；询问使用方法,0.98388671875,0.9833984375,0.98388671875,1
douyin-test-007285,weixue0806,1,洗头膏推荐,洗头膏；推荐,0.98486328125,0.978515625,0.98486328125,1
douyin-test-007294,weixue0806,1,"还有你推荐的防晒超级好用,谢谢",防晒；感谢,0.970703125,0.71875,0.970703125,1
douyin-test-007322,weixue0806,0,耳钉耳钉,耳钉；关注,0.97607421875,0.9765625,0.97607421875,1
douyin-test-007334,weixue0806,0,眼周的个别脂肪粒怎么办,眼周脂肪粒；询问处理方法,0.1312255859375,0.232177734375,0.1312255859375,0
douyin-test-007347,weixue0806,1,大干皮用啥面膜,面膜；询问,0.98095703125,0.98291015625,0.98095703125,1
douyin-test-007383,weixue0806,0,毛孔粗大用什么产品,毛孔粗大；询问,0.97802734375,0.97998046875,0.97802734375,1
douyin-test-007392,weixue0806,1,胶原蛋白流失用什么,胶原蛋白；询问,0.958984375,0.9755859375,0.958984375,1
douyin-test-007399,weixue0806,1,你口红是哪个链接[看],口红；询问,0.9794921875,0.97900390625,0.9794921875,1
douyin-test-007468,weixue0806,1,189几张面膜呢,面膜；询问价格,0.98486328125,0.97705078125,0.98486328125,1
douyin-test-007511,weixue0806,1,真的可以祛斑嘛[害羞],祛斑产品；询问效果,0.34912109375,0.55517578125,0.34912109375,0
douyin-test-007524,weixue0806,1,可以和大师面膜同时敷吗,面膜；询问,0.97900390625,0.93310546875,0.97900390625,1
douyin-test-007527,weixue0806,0,我脸特别黄,用户；陈述,0.10345458984375,0.2230224609375,0.10345458984375,0
douyin-test-007538,weixue0806,1,项链是谁家的,项链；询问,0.95849609375,0.9677734375,0.95849609375,1
douyin-test-007579,weixue0806,1,一周贴几次?,面膜；询问使用频率,0.54345703125,0.93017578125,0.54345703125,0
douyin-test-007584,weixue0806,1,有祛斑功效吗,精华油；询问功效,0.9609375,0.96923828125,0.9609375,1
douyin-test-007615,weixue0806,0,毛孔大出油,皮肤；描述,0.1507568359375,0.2235107421875,0.1507568359375,0
douyin-test-007679,weixue0806,0,好想知道你女儿长什么样肯定被养得很好吧[流泪],女儿；评价,0.0723876953125,0.15087890625,0.0723876953125,0
douyin-test-007727,weixue0806,1,"眼底化妆了有细纹拍哪个链接,眼底化妆了有细纹拍哪个链接",眼底化妆；询问,0.96484375,0.5595703125,0.96484375,1
douyin-test-007736,weixue0806,1,你的睡衣有链接吗,睡衣；询问,0.9755859375,0.9775390625,0.9755859375,1
douyin-test-007774,weixue0806,0,用洗脸刷洗脸毛孔会越来越大吗,洗脸刷；询问,0.7509765625,0.9326171875,0.7509765625,1
douyin-test-007803,weixue0806,1,6号讲下,主播；要求讲解,0.97412109375,0.8974609375,0.97412109375,1
douyin-test-007821,weixue0806,0,queen女王皇后,queen；称呼,0.241455078125,0.425048828125,0.241455078125,0
douyin-test-007822,weixue0806,0,女王吧,女王；回应,0.267578125,0.41943359375,0.267578125,0
douyin-test-007854,weixue0806,0,"今天用了一下洗面奶,挺清爽的",洗面奶；评价,0.9697265625,0.9814453125,0.9697265625,1
douyin-test-007876,weixue0806,1,讲一下面霜,面霜；请求讲解,0.982421875,0.9853515625,0.982421875,1
douyin-test-007882,weixue0806,1,为什么直播里有安敏优的面膜但是点进橱窗里没有呀,直播橱窗；询问,0.8916015625,0.74072265625,0.8916015625,1
douyin-test-007888,weixue0806,1,今天这睡衣不错哟,睡衣；称赞,0.97900390625,0.97216796875,0.97900390625,1
douyin-test-007914,weixue0806,0,关掉美颜看看,直播画面；要求操作,0.466552734375,0.1925048828125,0.466552734375,0
douyin-test-007931,weixue0806,1,2号面膜看一下,面膜；查看,0.98193359375,0.978515625,0.98193359375,1
douyin-test-007948,weixue0806,1,姐23岁是个什么面膜?,面膜；询问,0.98193359375,0.9501953125,0.98193359375,1
douyin-test-008025,weixue0806,1,睫毛膏哪款,睫毛膏；询问,0.98291015625,0.978515625,0.98291015625,1
douyin-test-008044,weixue0806,0,以油养眼,眼；建议,0.2113037109375,0.275634765625,0.2113037109375,0
douyin-test-008058,weixue0806,0,要做什么Y美,Y美；询问,0.09832763671875,0.2103271484375,0.09832763671875,0
douyin-test-008081,weixue0806,1,孕妇颈纹霜有推荐吗?孕妇颈纹霜有推荐吗?孕妇颈纹霜有推荐吗?,孕妇颈纹霜；询问推荐,0.97802734375,0.97998046875,0.97802734375,1
douyin-test-008121,weixue0806,1,有试用吗,产品；询问,0.97802734375,0.9833984375,0.97802734375,1
douyin-test-008208,weixue0806,0,面膜是不是都有试用装,面膜；询问,0.982421875,0.9775390625,0.982421875,1
douyin-test-008210,weixue0806,1,你用的啥气垫,气垫；询问,0.92041015625,0.9794921875,0.92041015625,1
douyin-test-008211,weixue0806,1,最近脸特干用什么油,脸部；询问,0.978515625,0.97705078125,0.978515625,1
douyin-test-008217,weixue0806,1,法令纹用这个效果也好嘛,法令纹；评价,0.94482421875,0.80615234375,0.94482421875,1
douyin-test-008236,weixue0806,0,去痘印的[流泪]去痘印的,痘印；询问,0.94140625,0.372314453125,0.94140625,1
douyin-test-008252,weixue0806,1,美白面膜几号,美白面膜；询问,0.984375,0.9814453125,0.984375,1
douyin-test-008280,weixue0806,1,精华是分开发吗,精华；询问,0.9814453125,0.97900390625,0.9814453125,1
douyin-test-008286,weixue0806,1,水乳有推荐吗,水乳；询问,0.9814453125,0.97802734375,0.9814453125,1
douyin-test-008295,weixue0806,1,这款拍了有没有补水的面膜,面膜；询问,0.9833984375,0.984375,0.9833984375,1
douyin-test-008296,weixue0806,1,美白面膜后需要洗脸吗,美白面膜；询问使用方法,0.9677734375,0.970703125,0.9677734375,1
douyin-test-008309,weixue0806,0,就是的,未指明；附和,0.1580810546875,0.2042236328125,0.1580810546875,0
douyin-test-008313,weixue0806,1,发膜发膜发膜发膜发膜,发膜；重复强调,0.98046875,0.96533203125,0.98046875,1
douyin-test-008342,weixue0806,1,面膜敷完要洗脸吗,面膜；询问,0.96484375,0.93505859375,0.96484375,1
douyin-test-008356,weixue0806,1,极光四季精华油你有没有了,极光四季精华油；询问,0.98193359375,0.9794921875,0.98193359375,1
douyin-test-008382,weixue0806,0,"卖,那么多单,我的天",主播；惊讶,0.09613037109375,0.1605224609375,0.09613037109375,0
douyin-test-008393,weixue0806,0,已经拍了的怎么办,已拍商品；询问处理方式,0.094482421875,0.3671875,0.094482421875,0
douyin-test-008407,weixue0806,1,送的精华怎么用,送的精华；询问使用方法,0.9775390625,0.97265625,0.9775390625,1
douyin-test-008413,weixue0806,0,你做额头啦?,主播；请求服务,0.09844970703125,0.24658203125,0.09844970703125,0
douyin-test-008429,weixue0806,1,耳环是哪家的,耳环；询问来源,0.96875,0.966796875,0.96875,1
douyin-test-008478,weixue0806,0,是5片,产品；确认,0.5322265625,0.49951171875,0.5322265625,0
douyin-test-008482,weixue0806,1,4号链接怎么用,4号链接；询问,0.96484375,0.943359375,0.96484375,1
douyin-test-008489,weixue0806,0,怎么瘦,用户；询问,0.1124267578125,0.3291015625,0.1124267578125,0
douyin-test-008491,weixue0806,0,"要显示5片*3盒呀,就显示了5片",商品；指出,0.216796875,0.58154296875,0.216796875,0
douyin-test-008527,weixue0806,1,用了会变激素脸吗[捂脸][捂脸],产品；询问,0.68798828125,0.529296875,0.68798828125,1
douyin-test-008529,weixue0806,0,"就显示五片,退了[捂脸]",产品；退货,0.107666015625,0.2802734375,0.107666015625,0
douyin-test-008532,weixue0806,1,口红上一下,口红；请求展示,0.982421875,0.98486328125,0.982421875,1
douyin-test-008570,weixue0806,1,染眉膏有吗?,染眉膏；询问,0.984375,0.98291015625,0.984375,1
douyin-test-008626,weixue0806,1,"我要纯补水的面膜,拍哪个",面膜；询问,0.98583984375,0.9853515625,0.98583984375,1
douyin-test-008636,weixue0806,0,美白精华涂完之后你,美白精华；使用,0.81298828125,0.80419921875,0.81298828125,1
douyin-test-008640,weixue0806,1,雪眼霜链接几,眼霜；询问,0.98193359375,0.98095703125,0.98193359375,1
douyin-test-008652,weixue0806,1,可以去痘印么,痘印；询问,0.438720703125,0.71142578125,0.438720703125,0
douyin-test-008667,weixue0806,0,听减肥,主播；提问,0.177490234375,0.233642578125,0.177490234375,0
douyin-test-008683,weixue0806,1,防晒在几号链接?,防晒；询问,0.9833984375,0.978515625,0.9833984375,1
douyin-test-008745,weixue0806,1,有没有祛斑效果好的,祛斑产品；询问,0.9755859375,0.978515625,0.9755859375,1
douyin-test-008763,weixue0806,1,姐姐能讲一下14号链接吗,14号链接；请求说明,0.9775390625,0.9775390625,0.9775390625,1
douyin-test-008768,weixue0806,1,8号跟10号油有什么区别,产品；询问差异,0.97705078125,0.9677734375,0.97705078125,1
douyin-test-008777,weixue0806,1,3号说一下,4号；请求,0.97412109375,0.97998046875,0.97412109375,1
douyin-test-008815,weixue0806,1,眼膜开一下,眼膜；请求,0.9599609375,0.9794921875,0.9599609375,1
douyin-test-008821,weixue0806,0,怎么扣,未指明；询问,0.1658935546875,0.1549072265625,0.1658935546875,0
douyin-test-008864,weixue0806,1,眼睫毛是哪个,眼睫毛；询问,0.2257080078125,0.2841796875,0.2257080078125,0
douyin-test-008887,weixue0806,1,有什么功效的,产品；询问,0.95068359375,0.9521484375,0.95068359375,1
douyin-test-008924,weixue0806,0,表示认同,未指明；认同,0.1082763671875,0.1319580078125,0.1082763671875,0
douyin-test-008938,weixue0806,1,白月夜的面膜敷完要洗吗,面膜；询问使用方法,0.97802734375,0.97802734375,0.97802734375,1
douyin-test-008945,weixue0806,1,请问美白内服什么?谢谢,美白内服；询问,0.9755859375,0.98046875,0.9755859375,1
douyin-test-008992,weixue0806,1,10号精油4月6号有吗?,精油；询问,0.98095703125,0.9775390625,0.98095703125,1
douyin-test-008999,weixue0806,0,芭比粉,未指明；表达喜好,0.466064453125,0.250244140625,0.466064453125,0
