live_id,species,user_id,user_name,gender,time,content,label
11809871632,美食饮料,666666,碗:,未知,2025/4/25 10:59,这么近么,0
11809871632,美食饮料,666666,椰椰椰子:,未知,2025/4/25 10:59,@Vking記得備註小完美,0
11809871632,美食饮料,666666,Vking:,未知,2025/4/25 10:59,@椰椰椰子,0
11809871632,美食饮料,666666,小胖茂:,未知,2025/4/25 10:59,我在看直播有个小姑娘老来和我聊投标的事情,0
11809871632,美食饮料,666666,Lanbabe:,未知,2025/4/25 10:59,"大家点点赞,点赞到两万转盘机会得十枚脆墩墩（现在五枚）",0
11809871632,美食饮料,666666,小胖茂:,未知,2025/4/25 10:59,她没看就一直问我各种投标的事情打扰我看直播,0
11809871632,美食饮料,666666,小胖茂:,未知,2025/4/25 10:59,我都戴着耳机了她还来拍拍我让我取下耳机回答她,0
11809871632,美食饮料,666666,小胖茂:,未知,2025/4/25 10:59,没礼貌打扰我,0
11809871632,美食饮料,666666,小胖茂:,未知,2025/4/25 10:59,怕不是,0
11809871632,美食饮料,666666,爱烹饪的拔叔:,未知,2025/4/25 10:59,"大家点点赞,点赞到两万转盘机会得十枚脆墩墩（现在是五枚,最高二十五枚）",0
11809871632,美食饮料,666666,Lanbabe:,未知,2025/4/25 10:59,要椰椰子的,1
11809871632,美食饮料,666666,小胖茂:,未知,2025/4/25 11:00,我现在结束了去另一家公司取支票,0
11809871632,美食饮料,666666,爱烹饪的拔叔:,未知,2025/4/25 11:00,拿上来一个一个拆啊,0
11809871632,美食饮料,666666,小胖茂:,未知,2025/4/25 11:00,哈哈哈哈哈哈啊哈,0
11809871632,美食饮料,666666,椰椰椰子:,未知,2025/4/25 11:00,地板太醜,0
11809871632,美食饮料,666666,Tingzzz:,未知,2025/4/25 11:00,先把SF那箱子拆掉,0
11809871632,美食饮料,666666,Tingzzz:,未知,2025/4/25 11:00,再搬回家,0
11809871632,美食饮料,666666,小胖茂:,未知,2025/4/25 11:00,地板太丑了,0
11809871632,美食饮料,666666,:,未知,2025/4/25 11:01,哥哥躺地上,0
11809871632,美食饮料,666666,Tingzzz:,未知,2025/4/25 11:01,回家拆吧怕你哭鼻子,0
11809871632,美食饮料,666666,小胖茂:,未知,2025/4/25 11:01,@Tingzzz哎哟哎哟,0
11809871632,美食饮料,666666,爱烹饪的拔叔:,未知,2025/4/25 11:01,"大家点点赞,点赞到两万转盘机会得十枚脆墩墩（现在是五枚,最高二十五枚）",0
11809871632,美食饮料,666666,Tingzzz:,未知,2025/4/25 11:02,@小胖茂主要我怕公开示人,0
11809871632,美食饮料,666666,Lanbabe:,未知,2025/4/25 11:02,开局没有许愿色,0
11809871632,美食饮料,666666,Lanbabe:,未知,2025/4/25 11:02,可以了,0
11809871632,美食饮料,666666,Lanbabe:,未知,2025/4/25 11:02,给我吧,0
11809871632,美食饮料,666666,Lanbabe:,未知,2025/4/25 11:03,"大家点点赞,点赞到两万转盘机会得十枚脆墩墩（现在五枚）",0
11809871632,美食饮料,666666,Lanbabe:,未知,2025/4/25 11:04,我拿到的食玩好多都是碳水面包,0
11809871632,美食饮料,666666,Just call me Momo:,未知,2025/4/25 11:04,小助理,0
11809871632,美食饮料,666666,Just call me Momo:,未知,2025/4/25 11:04,感觉好久没看小助理直播了,0
11809871632,美食饮料,666666,爱烹饪的拔叔:,未知,2025/4/25 11:05,"大家点点赞,点赞到两万转盘机会得十枚脆墩墩（现在是五枚,最高二十五枚）",0
11809871632,美食饮料,666666,你们的初見带著財神爺来了:,未知,2025/4/25 11:05,後面貼藍色是什麼?,1
11809871632,美食饮料,666666,Vking:,未知,2025/4/25 11:05,"1.5万了,加油",0
11809871632,美食饮料,666666,娃娃菜葉子飄啊飄:,未知,2025/4/25 11:06,早安我睡醒了,0
11809871632,美食饮料,666666,Vking:,未知,2025/4/25 11:06,冲它!,1
11809871632,美食饮料,666666,娃娃菜葉子飄啊飄:,未知,2025/4/25 11:06,大漂亮早安,0
11809871632,美食饮料,666666,山里最灵活的猴:,未知,2025/4/25 11:07,"这是啥,巧克力吗",1
11809871632,美食饮料,666666,酒咪的百宝箱:,未知,2025/4/25 11:07,"碰的是道具,零食在车车,直播间碰出数量,发货以拍下链接为准~",0
11809871632,美食饮料,666666,星星落兜里了:,未知,2025/4/25 11:07,那个面包卷说小羊嘛,0
11809871632,美食饮料,666666,爱烹饪的拔叔:,未知,2025/4/25 11:07,"大家点点赞,点赞到两万转盘机会得十枚脆墩墩（现在是五枚,最高二十五枚）",0
11809871632,美食饮料,666666,小胖茂:,未知,2025/4/25 11:08,漂亮余我要忙着开车我现在出去了20分钟后回来,0
11809871632,美食饮料,666666,星星落兜里了:,未知,2025/4/25 11:08,因为刚刚打错了,0
11809871632,美食饮料,666666,不加:,未知,2025/4/25 11:08,粉色那個瑞士捲吧,1
11809871632,美食饮料,666666,娃娃菜葉子飄啊飄:,未知,2025/4/25 11:08,陸少聲音完全沒開嗓,0
11809871632,美食饮料,666666,椰椰椰子:,未知,2025/4/25 11:09,@娃娃菜葉子飄啊飄恭喜升級呀,0
11809871632,美食饮料,666666,椰椰椰子:,未知,2025/4/25 11:09,@娃娃菜葉子飄啊飄謝謝呀,0
11809871632,美食饮料,666666,:,未知,2025/4/25 11:09,小猪妮,0
11809871632,美食饮料,666666,星星落兜里了:,未知,2025/4/25 11:10,@不加对,0
11809871632,美食饮料,666666,椰椰椰子:,未知,2025/4/25 11:10,小豬妮你要被我帶回家了,0
11809871632,美食饮料,666666,星星落兜里了:,未知,2025/4/25 11:10,@椰椰椰子生日快乐,0
11809871632,美食饮料,666666,爱烹饪的拔叔:,未知,2025/4/25 11:10,"[呃R]大家点点赞,点赞到两万转盘机会得十枚脆墩墩（现在是五枚,最高二十五枚）",0
11809871632,美食饮料,666666,娃娃菜葉子飄啊飄:,未知,2025/4/25 11:10,"我現在只有放假才能來早上場,所以升級好慢",0
11809871632,美食饮料,666666,不加:,未知,2025/4/25 11:10,那是小羊沒錯,0
11809871632,美食饮料,666666,椰椰椰子:,未知,2025/4/25 11:10,@星星落兜里了謝謝,0
11809871632,美食饮料,666666,娃娃菜葉子飄啊飄:,未知,2025/4/25 11:10,@椰椰椰子今天要去哪開趴呀,0
11809871632,美食饮料,666666,星星落兜里了:,未知,2025/4/25 11:11,大漂亮还没看懂[捂嘴笑R],0
11809871632,美食饮料,666666,嗯哼:,未知,2025/4/25 11:11,上午好～～～～,0
11809871632,美食饮料,666666,不加:,未知,2025/4/25 11:11,她說那個三麗鷗小羊瑞士捲,1
11809871632,美食饮料,666666,椰椰椰子:,未知,2025/4/25 11:11,@娃娃菜葉子飄啊飄今天在家哈哈昨天有去吃饗食了,0
11809871632,美食饮料,666666,嗯哼:,未知,2025/4/25 11:11,大漂亮,0
11809871632,美食饮料,666666,嗯哼:,未知,2025/4/25 11:11,陆少陆少,0
11809871632,美食饮料,666666,爱烹饪的拔叔:,未知,2025/4/25 11:11,"大家点点赞,点赞到两万转盘机会得十枚脆墩墩（现在是五枚,最高二十五枚）",0
11809871632,美食饮料,666666,娃娃菜葉子飄啊飄:,未知,2025/4/25 11:11,@椰椰椰子我也想吃想吃炸蝦跟焦糖烤布蕾,1
11809871632,美食饮料,666666,椰椰椰子:,未知,2025/4/25 11:12,@娃娃菜葉子飄啊飄我有吃烤布蕾!好吃好吃,0
11809871632,美食饮料,666666,星星落兜里了:,未知,2025/4/25 11:13,这么多,0
11809871632,美食饮料,666666,娃娃菜葉子飄啊飄:,未知,2025/4/25 11:13,那個不是樂事薯片嗎陸少怎麼寫脆敦敦,0
11809871632,美食饮料,666666,娃娃菜葉子飄啊飄:,未知,2025/4/25 11:13,@椰椰椰子想回台灣了哈哈,0
11809871632,美食饮料,666666,星星落兜里了:,未知,2025/4/25 11:13,是的是乐事吧,0
11809871632,美食饮料,666666,爱烹饪的拔叔:,未知,2025/4/25 11:13,"大家点点赞,点赞到两万转盘机会得十枚脆墩墩（现在是五枚,最高二十五枚）",0
11809871632,美食饮料,666666,娃娃菜葉子飄啊飄:,未知,2025/4/25 11:14,上一單,1
11809871632,美食饮料,666666,椰椰椰子:,未知,2025/4/25 11:14,@娃娃菜葉子飄啊飄回來吧,0
11809871632,美食饮料,666666,Vking:,未知,2025/4/25 11:15,你绝对懂我,0
11809871632,美食饮料,666666,娃娃菜葉子飄啊飄:,未知,2025/4/25 11:15,"@椰椰椰子我也要來去下單抽獎,如果幸運抽到就送你",0
11809871632,美食饮料,666666,嗯哼:,未知,2025/4/25 11:15,“两个蓝色”,0
11809871632,美食饮料,666666,嗯哼:,未知,2025/4/25 11:15,“没有许愿色”,0
11809871632,美食饮料,666666,椰椰椰子:,未知,2025/4/25 11:16,@娃娃菜葉子飄啊飄這怎麼好意思,0
11809871632,美食饮料,666666,Vking:,未知,2025/4/25 11:16,棒棒的,0
11809871632,美食饮料,666666,不加:,未知,2025/4/25 11:16,給他整兩個小麵包,0
11809871632,美食饮料,666666,Vking:,未知,2025/4/25 11:17,哇!好可爱!,0
11809871632,美食饮料,666666,Lanbabe:,未知,2025/4/25 11:17,@不加我也可以有吗,0
11809871632,美食饮料,666666,星星落兜里了:,未知,2025/4/25 11:17,好可爱,0
11809871632,美食饮料,666666,不加:,未知,2025/4/25 11:17,那必須有,0
11809871632,美食饮料,666666,Vking:,未知,2025/4/25 11:17,谢谢小草莓,0
11809871632,美食饮料,666666,Vking:,未知,2025/4/25 11:17,@不加,0
11809871632,美食饮料,666666,嗯哼:,未知,2025/4/25 11:18,小草莓这套好可爱啊,1
11809871632,美食饮料,666666,Lanbabe:,未知,2025/4/25 11:19,感谢草莓蛋糕,0
11809871632,美食饮料,666666,TiTi:,未知,2025/4/25 11:19,兩個藍色有禮物,0
11809871632,美食饮料,666666,TiTi:,未知,2025/4/25 11:19,多了還不行,0
11809871632,美食饮料,666666,椰椰椰子:,未知,2025/4/25 11:19,有兩根以上也可以啊,0
11809871632,美食饮料,666666,嗯哼:,未知,2025/4/25 11:19,小草莓这套有没有链接,1
11809871632,美食饮料,666666,爱我中华:,未知,2025/4/25 11:19,刚没碰不算全家福吗?,1
11809871632,美食饮料,666666,不加:,未知,2025/4/25 11:20,他庫存好像給我搞完了,0
11809871632,美食饮料,666666,TiTi:,未知,2025/4/25 11:20,難得的咧看到現在只有他藍多,0
11809871632,美食饮料,666666,爱我中华:,未知,2025/4/25 11:20,奶之前,0
11809871632,美食饮料,666666,嗯哼:,未知,2025/4/25 11:20,@不加没事先发给我看看吧宝宝,0
11809871632,美食饮料,666666,Vking:,未知,2025/4/25 11:20,全家福八个哦宝贝,0
11809871632,美食饮料,666666,小脾气:,未知,2025/4/25 11:20,没有八个,0
11809871632,美食饮料,666666,Vking:,未知,2025/4/25 11:20,不够八个不算,0
11809871632,美食饮料,666666,能讲情话吗？:,未知,2025/4/25 11:20,"七个不是全家福,八个才是",0
11809871632,美食饮料,666666,娃娃菜葉子飄啊飄:,未知,2025/4/25 11:21,我在下單沒看見,1
11809871632,美食饮料,666666,小脾气:,未知,2025/4/25 11:21,加了大号,0
11809871632,美食饮料,666666,小脾气:,未知,2025/4/25 11:21,忘了这个啦,0
11809871632,美食饮料,666666,emo小地瓜:,未知,2025/4/25 11:21,怎麼沒有陸少的聲音了,0
11809871632,美食饮料,666666,娃娃菜葉子飄啊飄:,未知,2025/4/25 11:22,陸少上來播了兩單又下去了,0
11809871632,美食饮料,666666,小胖茂:,未知,2025/4/25 11:23,我到了,0
11809871632,美食饮料,666666,娃娃菜葉子飄啊飄:,未知,2025/4/25 11:23,@小胖茂哈囉茂茂,0
11809871632,美食饮料,666666,椰椰椰子:,未知,2025/4/25 11:24,都可以,0
11809871632,美食饮料,666666,爱烹饪的拔叔:,未知,2025/4/25 11:24,我想去给你们直播[呃R],0
11809871632,美食饮料,666666,爱烹饪的拔叔:,未知,2025/4/25 11:25,"大家点点赞,点赞到两万转盘机会得十枚脆墩墩（现在是五枚,最高二十五枚）",0
11809871632,美食饮料,666666,爱烹饪的拔叔:,未知,2025/4/25 11:25,"大家点点赞,点赞到两万转盘机会得十枚脆墩墩（现在是五枚,最高五万赞二十五枚）",0
11809871632,美食饮料,666666,爱烹饪的拔叔:,未知,2025/4/25 11:26,"大家点点赞,点赞到两万转盘机会得十枚脆墩墩（现在是五枚,最高二十五枚）",0
11809871632,美食饮料,666666,Vking:,未知,2025/4/25 11:26,瓜瓜我去给你当助理,0
11809871632,美食饮料,666666,小桃子:,未知,2025/4/25 11:26,Goodmorning,0
11809871632,美食饮料,666666,娃娃菜葉子飄啊飄:,未知,2025/4/25 11:26,@小桃子桃己早安我我要走馬上要幫椰子過生日了,0
11809871632,美食饮料,666666,娃娃菜葉子飄啊飄:,未知,2025/4/25 11:26,@小桃子打錯字了啦不要走,0
11809871632,美食饮料,666666,Vking:,未知,2025/4/25 11:27,欧中第二根没加,0
11809871632,美食饮料,666666,-_-:,未知,2025/4/25 11:27,沒加1,0
11809871632,美食饮料,666666,-_-:,未知,2025/4/25 11:27,少加一根,0
11809871632,美食饮料,666666,小胖茂:,未知,2025/4/25 11:27,@娃娃菜葉子飄啊飄哈喽娃娃菜,0
11809871632,美食饮料,666666,小桃子:,未知,2025/4/25 11:27,@娃娃菜葉子飄啊飄不走不走葉葉子,0
11809871632,美食饮料,666666,Vking:,未知,2025/4/25 11:27,少了一根宝贝,0
11809871632,美食饮料,666666,小胖茂:,未知,2025/4/25 11:27,小猪妮盒子大不大呀,1
11809871632,美食饮料,666666,小胖茂:,未知,2025/4/25 11:28,我到了,0
11809871632,美食饮料,666666,椰椰椰子:,未知,2025/4/25 11:28,我在!,0
11809871632,美食饮料,666666,小胖茂:,未知,2025/4/25 11:28,@椰椰椰子我也在啦,0
11809871632,美食饮料,666666,Vking:,未知,2025/4/25 11:28,祝你生日快乐～,0
11809871632,美食饮料,666666,可爱鱼:,未知,2025/4/25 11:29,生日快乐椰椰子!,0
11809871632,美食饮料,666666,meda葑心:,未知,2025/4/25 11:29,生日快乐,0
11809871632,美食饮料,666666,Vking:,未知,2025/4/25 11:29,祝你生日快乐!,0
11809871632,美食饮料,666666,娃娃菜葉子飄啊飄:,未知,2025/4/25 11:29,@椰椰椰子生日快樂,0
11809871632,美食饮料,666666,小胖茂:,未知,2025/4/25 11:29,@椰椰椰子生日快乐椰椰子,0
11809871632,美食饮料,666666,夏灵竹:,未知,2025/4/25 11:29,生日快乐椰椰子,0
11809871632,美食饮料,666666,小桃子:,未知,2025/4/25 11:29,18岁生日快乐,0
11809871632,美食饮料,666666,你们的初見带著財神爺来了:,未知,2025/4/25 11:29,生日快樂,0
11809871632,美食饮料,666666,小红薯62CBC205:,未知,2025/4/25 11:29,好感动,0
11809871632,美食饮料,666666,椰椰椰子:,未知,2025/4/25 11:29,耶!謝謝大家,0
11809871632,美食饮料,666666,爱烹饪的拔叔:,未知,2025/4/25 11:30,"大家点点赞,点赞到两万转盘机会得十枚脆墩墩（现在是五枚,最高二十五枚）",0
11809871632,美食饮料,666666,小胖茂:,未知,2025/4/25 11:30,祝你左拥右抱小哥哥,0
11809871632,美食饮料,666666,娃娃菜葉子飄啊飄:,未知,2025/4/25 11:30,跟所有的煩惱說拜拜,0
11809871632,美食饮料,666666,小桃子:,未知,2025/4/25 11:30,广东人听这首忍不住笑,0
11809871632,美食饮料,666666,Lanbabe:,未知,2025/4/25 11:30,生日快乐,0
11809871632,美食饮料,666666,小胖茂:,未知,2025/4/25 11:30,@小桃子哈哈哈哈哈哈桃子,0
11809871632,美食饮料,666666,Tingzzz:,未知,2025/4/25 11:30,@小桃子,0
11809871632,美食饮料,666666,meda葑心:,未知,2025/4/25 11:31,"哈哈哈,有点感动的想哭呢",0
11809871632,美食饮料,666666,娃娃菜葉子飄啊飄:,未知,2025/4/25 11:31,@小桃子為什麼,0
11809871632,美食饮料,666666,Tingzzz:,未知,2025/4/25 11:31,@小桃子呢舖真係傻HiHi,0
11809871632,美食饮料,666666,夏灵竹:,未知,2025/4/25 11:31,趁机骂人呢,0
11809871632,美食饮料,666666,椰椰椰子:,未知,2025/4/25 11:31,@小胖茂真是謝謝你,0
11809871632,美食饮料,666666,小胖茂:,未知,2025/4/25 11:31,哎哟漂亮余社死了,0
11809871632,美食饮料,666666,九憫:,未知,2025/4/25 11:31,大漂亮中午好,0
11809871632,美食饮料,666666,小红薯62CBC205:,未知,2025/4/25 11:31,羡慕了,0
11809871632,美食饮料,666666,九憫:,未知,2025/4/25 11:31,小助理中午好,0
11809871632,美食饮料,666666,夏灵竹:,未知,2025/4/25 11:31,哇噻噻,0
11809871632,美食饮料,666666,小红薯62CBC205:,未知,2025/4/25 11:31,WOW,0
11809871632,美食饮料,666666,小桃子:,未知,2025/4/25 11:31,@Tingzzz到左啦,0
11809871632,美食饮料,666666,椰椰椰子:,未知,2025/4/25 11:31,哇噻!!,0
11809871632,美食饮料,666666,小胖茂:,未知,2025/4/25 11:32,哇哦哇哦亭子你很会哟,0
11809871632,美食饮料,666666,娃娃菜葉子飄啊飄:,未知,2025/4/25 11:32,@Tingzzz亭己這是什麼,0
11809871632,美食饮料,666666,九憫:,未知,2025/4/25 11:32,大温柔中午好,0
11809871632,美食饮料,666666,丁肉肉:,未知,2025/4/25 11:32,到底谁生日,0
11809871632,美食饮料,666666,九憫:,未知,2025/4/25 11:32,酷姐中午好,0
11809871632,美食饮料,666666,小红薯62CBC205:,未知,2025/4/25 11:32,寿星说句话,0
11809871632,美食饮料,666666,酒咪的百宝箱:,未知,2025/4/25 11:32,@九憫中午好~,0
11809871632,美食饮料,666666,Tingzzz:,未知,2025/4/25 11:32,@娃娃菜葉子飄啊飄我不知道,0
11809871632,美食饮料,666666,丁肉肉:,未知,2025/4/25 11:32,我意思是比较像小猪妮生日,0
11809871632,美食饮料,666666,小桃子:,未知,2025/4/25 11:32,小猪妮回家拆惊喜,0
11809871632,美食饮料,666666,Tingzzz:,未知,2025/4/25 11:32,@小桃子,0
11809871632,美食饮料,666666,小桃子:,未知,2025/4/25 11:33,@Tingzzz,0
11809871632,美食饮料,666666,九憫:,未知,2025/4/25 11:33,酷姐中午好,0
11809871632,美食饮料,666666,九憫:,未知,2025/4/25 11:33,菠萝中午好,0
11809871632,美食饮料,666666,九憫:,未知,2025/4/25 11:33,一个个问候,0
11809871632,美食饮料,666666,小桃子:,未知,2025/4/25 11:33,广东海底捞为什么没有这首歌,0
11809871632,美食饮料,666666,九憫:,未知,2025/4/25 11:34,我就没有转过许愿色翻倍,0
11809871632,美食饮料,666666,LuLu:,未知,2025/4/25 11:34,大漂亮中午好,0
11809871632,美食饮料,666666,小桃子:,未知,2025/4/25 11:34,大漂亮我已经过生日了,0
11809871632,美食饮料,666666,小桃子:,未知,2025/4/25 11:34,@Tingzzz啊哈哈哈哈哈,0
11809871632,美食饮料,666666,椰椰椰子:,未知,2025/4/25 11:34,@丁肉肉謝謝肉肉富婆,0
11809871632,美食饮料,666666,夏灵竹:,未知,2025/4/25 11:34,@小桃子因为你刚才说的那个,0
11809871632,美食饮料,666666,娃娃菜葉子飄啊飄:,未知,2025/4/25 11:34,少加一根,0
11809871632,美食饮料,666666,小桃子:,未知,2025/4/25 11:34,"@夏灵竹我感觉只会笑死,不会社死啊哈哈哈哈",0
11809871632,美食饮料,666666,爱烹饪的拔叔:,未知,2025/4/25 11:35,"大家点点赞,点赞到两万转盘机会得十枚脆墩墩（现在是五枚,最高二十五枚）",0
11809871632,美食饮料,666666,夏灵竹:,未知,2025/4/25 11:35,@小桃子店员唱得下去不?,0
11809871632,美食饮料,666666,小桃子:,未知,2025/4/25 11:35,@夏灵竹啊哈哈哈哈哈,0
11809871632,美食饮料,666666,小桃子:,未知,2025/4/25 11:36,有道理哦,0
11809871632,美食饮料,666666,可爱鱼:,未知,2025/4/25 11:36,我在!,0
11809871632,美食饮料,666666,可爱鱼:,未知,2025/4/25 11:36,我在点,0
11809871632,美食饮料,666666,夏灵竹:,未知,2025/4/25 11:36,点着呢,0
11809871632,美食饮料,666666,emo小地瓜:,未知,2025/4/25 11:37,我點兩隻手機,1
11809871632,美食饮料,666666,丁肉肉:,未知,2025/4/25 11:37,2万了,0
11809871632,美食饮料,666666,可爱鱼:,未知,2025/4/25 11:37,2万啦!,0
11809871632,美食饮料,666666,小桃子:,未知,2025/4/25 11:38,都干上富婆了,0
11809871632,美食饮料,666666,小胖茂:,未知,2025/4/25 11:38,你是不是感冒了你,0
11809871632,美食饮料,666666,好运爆表的娸儿:,未知,2025/4/25 11:38,想要道具哈哈哈,0
11809871632,美食饮料,666666,爱烹饪的拔叔:,未知,2025/4/25 11:38,"大家点点赞,点赞到三万转盘机会得十五枚脆墩墩（现在是十枚,最高二十五枚）",0
11809871632,美食饮料,666666,小胖茂:,未知,2025/4/25 11:38,一直在吸鼻子,0
11809871632,美食饮料,666666,娃娃菜葉子飄啊飄:,未知,2025/4/25 11:38,幫椰子多歐點可愛的東西,0
11809871632,美食饮料,666666,小胖茂:,未知,2025/4/25 11:38,让你吃药你也不听,0
11809871632,美食饮料,666666,Vking:,未知,2025/4/25 11:39,我刚刚有没有道具哇我忘了,0
11809871632,美食饮料,666666,椰椰椰子:,未知,2025/4/25 11:39,@Lily4134lily富婆生日快樂,0
11809871632,美食饮料,666666,Lily 4134:,未知,2025/4/25 11:39,"对啊,我早上去遛狗,然后才到家",0
11809871632,美食饮料,666666,娃娃菜葉子飄啊飄:,未知,2025/4/25 11:39,不嫌少哈哈哈哈,0
11809871632,美食饮料,666666,Lily 4134:,未知,2025/4/25 11:39,这会又得出门,0
11809871632,美食饮料,666666,小胖茂:,未知,2025/4/25 11:39,@Lily4134生日快乐lily,0
11809871632,美食饮料,666666,小桃子:,未知,2025/4/25 11:39,"@Lily4134生日快乐lily,18岁快乐",0
11809871632,美食饮料,666666,Vking:,未知,2025/4/25 11:39,@Lily4134生日快乐呀,0
11809871632,美食饮料,666666,Lily 4134:,未知,2025/4/25 11:39,"那我一会直接下单,你们直接拆",1
11809871632,美食饮料,666666,娃娃菜葉子飄啊飄:,未知,2025/4/25 11:39,@Lily4134姊姊生日快樂,0
11809871632,美食饮料,666666,Tingzzz:,未知,2025/4/25 11:40,@Lily4134HappyBirthday,0
11809871632,美食饮料,666666,Lily 4134:,未知,2025/4/25 11:40,感谢祝福的,0
11809871632,美食饮料,666666,Lily 4134:,未知,2025/4/25 11:40,谢谢大家,0
11809871632,美食饮料,666666,夏灵竹:,未知,2025/4/25 11:40,生日快乐,0
11809871632,美食饮料,666666,九憫:,未知,2025/4/25 11:40,@Lily4134生日快乐,0
11809871632,美食饮料,666666,Lily 4134:,未知,2025/4/25 11:40,你们想要哪个?,0
11809871632,美食饮料,666666,Lily 4134:,未知,2025/4/25 11:41,因为我下单的都给你们分,0
11809871632,美食饮料,666666,爱烹饪的拔叔:,未知,2025/4/25 11:41,"不是,小鱼,你改转盘?",0
11809871632,美食饮料,666666,Vking:,未知,2025/4/25 11:41,上个别墅链接,1
11809871632,美食饮料,666666,爱烹饪的拔叔:,未知,2025/4/25 11:42,改什么啊,0
11809871632,美食饮料,666666,爱烹饪的拔叔:,未知,2025/4/25 11:42,酷姐你知道的呀,0
11809871632,美食饮料,666666,Lily 4134:,未知,2025/4/25 11:42,开车宝,0
11809871632,美食饮料,666666,罗利也德五:,未知,2025/4/25 11:43,@爱烹饪的拔叔不是转盘10枚么,0
11809871632,美食饮料,666666,Lily 4134:,未知,2025/4/25 11:43,想我下单哪个,1
11809871632,美食饮料,666666,娃娃菜葉子飄啊飄:,未知,2025/4/25 11:43,還有我的五包,0
11809871632,美食饮料,666666,:,未知,2025/4/25 11:43,Lily的生日?,0
11809871632,美食饮料,666666,:,未知,2025/4/25 11:43,"大漂亮,我的东西在送一份",0
11809871632,美食饮料,666666,娃娃菜葉子飄啊飄:,未知,2025/4/25 11:43,@lily跟椰子都生日,0
11809871632,美食饮料,666666,:,未知,2025/4/25 11:43,收不到啊?,0
11809871632,美食饮料,666666,:,未知,2025/4/25 11:44,@Lily4134收不到啊?,0
11809871632,美食饮料,666666,Lily 4134:,未知,2025/4/25 11:44,我网太卡了,0
11809871632,美食饮料,666666,娃娃菜葉子飄啊飄:,未知,2025/4/25 11:44,要找集運,0
11809871632,美食饮料,666666,Lily 4134:,未知,2025/4/25 11:44,吃的东西运费太贵了,0
11809871632,美食饮料,666666,娃娃菜葉子飄啊飄:,未知,2025/4/25 11:45,灣灣不能寄吃的,0
11809871632,美食饮料,666666,Lanbabe:,未知,2025/4/25 11:45,我怎么刚才听到的是姐就是女王,0
11809871632,美食饮料,666666,Lily 4134:,未知,2025/4/25 11:45,得空运,0
11809871632,美食饮料,666666,椰椰椰子:,未知,2025/4/25 11:45,@Lily4134那有普通東西的集運嗎,0
11809871632,美食饮料,666666,香菜过敏:,未知,2025/4/25 11:45,@Lanbabe我也听到了哈哈,0
11809871632,美食饮料,666666,Lanbabe:,未知,2025/4/25 11:45,你说不可能的时候又转一次,0
11809871632,美食饮料,666666,娃娃菜葉子飄啊飄:,未知,2025/4/25 11:45,"我是因為到現在還沒搞懂集運,所以就送給大家",0
11809871632,美食饮料,666666,爱烹饪的拔叔:,未知,2025/4/25 11:46,"强取,双色,双倍,女王",0
11809871632,美食饮料,666666,香菜过敏:,未知,2025/4/25 11:46,语音播报是女王,0
11809871632,美食饮料,666666,夏灵竹:,未知,2025/4/25 11:47,福利多得很,0
11809871632,美食饮料,666666,娃娃菜葉子飄啊飄:,未知,2025/4/25 11:47,今天幾點抽獎呀,0
11809871632,美食饮料,666666,Lily 4134:,未知,2025/4/25 11:48,"抱歉,我太卡了",0
11809871632,美食饮料,666666,爱烹饪的拔叔:,未知,2025/4/25 11:48,"大家点点赞,点赞到两万转盘机会得十枚脆墩墩（现在是五枚,最高二十五枚）",0
11809871632,美食饮料,666666,爱烹饪的拔叔:,未知,2025/4/25 11:48,"大家点点赞,点赞到三万转盘机会得十五枚脆墩墩（现在是十枚,最高二十五枚）",0
11809871632,美食饮料,666666,爱烹饪的拔叔:,未知,2025/4/25 11:48,今天忙死我了,0
11809871632,美食饮料,666666,夏灵竹:,未知,2025/4/25 11:49,要写ls哦,0
11809871632,美食饮料,666666,meda葑心:,未知,2025/4/25 11:49,"发财了,谢谢",0
11809871632,美食饮料,666666,爱烹饪的拔叔:,未知,2025/4/25 11:50,"大家点点赞,点赞到三万转盘机会得十五枚脆墩墩（现在是十枚,最高二十五枚）",0
11809871632,美食饮料,666666,夏灵竹:,未知,2025/4/25 11:50,yym,0
11809871632,美食饮料,666666,飞花轻似梦:,未知,2025/4/25 11:51,这个是什么奖励,0
11809871632,美食饮料,666666,娃娃菜葉子飄啊飄:,未知,2025/4/25 11:51,@椰椰椰子貓咪好可愛我也想要哈哈哈,1
11809871632,美食饮料,666666,爱烹饪的拔叔:,未知,2025/4/25 11:51,"大家点点赞,点赞到三万转盘机会得十五枚脆墩墩（现在是十枚,最高二十五枚）",0
11809871632,美食饮料,666666,你们的初見带著財神爺来了:,未知,2025/4/25 11:51,开局粉?,0
11809871632,美食饮料,666666,椰椰椰子:,未知,2025/4/25 11:51,@娃娃菜葉子飄啊飄集運倉找好了嗎,0
11809871632,美食饮料,666666,爱烹饪的拔叔:,未知,2025/4/25 11:52,"大家点点赞,点赞到三万转盘机会得十五枚脆墩墩（现在是十枚,最高五万赞二十五枚）",0
11809871632,美食饮料,666666,娃娃菜葉子飄啊飄:,未知,2025/4/25 11:52,@椰椰椰子還沒哈哈,0
11809871632,美食饮料,666666,草莓槑:,未知,2025/4/25 11:52,椰椰子生日快乐,0
11809871632,美食饮料,666666,Lily 4134:,未知,2025/4/25 11:53,我下完单了,0
11809871632,美食饮料,666666,草莓槑:,未知,2025/4/25 11:53,LILY生日快乐!!,0
11809871632,美食饮料,666666,娃娃菜葉子飄啊飄:,未知,2025/4/25 11:53,"@椰椰椰子我前兩天研究了一下,沒搞懂",0
11809871632,美食饮料,666666,夏灵竹:,未知,2025/4/25 11:53,还没划,0
11809871632,美食饮料,666666,椰椰椰子:,未知,2025/4/25 11:53,@草莓槑呀你回來啦～,0
11809871632,美食饮料,666666,娃娃菜葉子飄啊飄:,未知,2025/4/25 11:53,@草莓槑草莓早安,0
11809871632,美食饮料,666666,Lily 4134:,未知,2025/4/25 11:53,"分享给直播间的姐妹没有任何条件,每人5个",0
11809871632,美食饮料,666666,草莓槑:,未知,2025/4/25 11:53,早安各位,0
11809871632,美食饮料,666666,你们的初見带著財神爺来了:,未知,2025/4/25 11:53,現在開局粉沒有了嗎?,0
11809871632,美食饮料,666666,草莓槑:,未知,2025/4/25 11:53,@椰椰椰子我又要走了,0
11809871632,美食饮料,666666,Lily 4134:,未知,2025/4/25 11:53,主播们的自己瓜分,0
11809871632,美食饮料,666666,你们的初見带著財神爺来了:,未知,2025/4/25 11:53,瞭解～,0
11809871632,美食饮料,666666,夏灵竹:,未知,2025/4/25 11:53,划一划可爱鱼的,1
11809871632,美食饮料,666666,椰椰椰子:,未知,2025/4/25 11:53,@草莓槑好的[抽泣R],0
11809871632,美食饮料,666666,Lily 4134:,未知,2025/4/25 11:53,谢谢草莓莓,0
11809871632,美食饮料,666666,草莓槑:,未知,2025/4/25 11:54,今天可不可以开回放,0
11809871632,美食饮料,666666,爱烹饪的拔叔:,未知,2025/4/25 11:54,"大家点点赞,点赞到三万转盘机会得十五枚脆墩墩（现在是十枚,最高五万赞二十五枚）",0
11809871632,美食饮料,666666,清儿:,未知,2025/4/25 11:54,还有几单,0
11809871632,美食饮料,666666,草莓槑:,未知,2025/4/25 11:54,你前几天也说可以的,0
11809871632,美食饮料,666666,草莓槑:,未知,2025/4/25 11:54,结果没开,0
11809871632,美食饮料,666666,Lily 4134:,未知,2025/4/25 11:54,"哇塞,直播间好多福利",0
11809871632,美食饮料,666666,椰椰椰子:,未知,2025/4/25 11:54,@草莓槑你還錯過亭子給小豬妮的大禮物,0
11809871632,美食饮料,666666,草莓槑:,未知,2025/4/25 11:55,我太忙了今天,0
11809871632,美食饮料,666666,爱烹饪的拔叔:,未知,2025/4/25 11:55,"我觉得,以后就按这个格式",0
11809871632,美食饮料,666666,bear:,未知,2025/4/25 11:55,还有几单到我,0
11809871632,美食饮料,666666,小桃子:,未知,2025/4/25 11:55,我粗来了窝,0
11809871632,美食饮料,666666,娃娃菜葉子飄啊飄:,未知,2025/4/25 11:55,@椰椰椰子但他沒有拆好想看,0
11809871632,美食饮料,666666,爱烹饪的拔叔:,未知,2025/4/25 11:55,这样大家多点期待,0
11809871632,美食饮料,666666,爱烹饪的拔叔:,未知,2025/4/25 11:55,我的莓莓老师呢,0
11809871632,美食饮料,666666,草莓槑:,未知,2025/4/25 11:55,大家拜拜,0
11809871632,美食饮料,666666,草莓槑:,未知,2025/4/25 11:55,小助理喝水,0
11809871632,美食饮料,666666,Lily 4134:,未知,2025/4/25 11:55,"拜拜,草莓莓",0
11809871632,美食饮料,666666,Tingzzz:,未知,2025/4/25 11:55,@小桃子表哥,0
11809871632,美食饮料,666666,草莓槑:,未知,2025/4/25 11:55,我不得空我要走了,0
11809871632,美食饮料,666666,小桃子:,未知,2025/4/25 11:55,@Tingzzz表mui,0
11809871632,美食饮料,666666,小桃子:,未知,2025/4/25 11:56,@草莓槑拜拜草莓莓,0
11809871632,美食饮料,666666,娃娃菜葉子飄啊飄:,未知,2025/4/25 11:56,@草莓槑好的拜鞥鞥鞥,0
11809871632,美食饮料,666666,bear:,未知,2025/4/25 11:57,还有几单到我,0
11809871632,美食饮料,666666,Lily 4134:,未知,2025/4/25 11:57,"我在,也下完单了",0
11809871632,美食饮料,666666,Lily 4134:,未知,2025/4/25 11:57,"大漂亮,欧玩具那些给我",1
11809871632,美食饮料,666666,Lily 4134:,未知,2025/4/25 11:57,吃的你们自己安排哦,0
11809871632,美食饮料,666666,小桃子:,未知,2025/4/25 11:57,7级了难得,0
11809871632,美食饮料,666666,Lanbabe:,未知,2025/4/25 11:57,"大家点点赞,到三万转盘机会得十五枚脆墩墩（现在是十枚,最高二十五枚）",0
11809871632,美食饮料,666666,Lily 4134:,未知,2025/4/25 11:58,啥都要,1
11809871632,美食饮料,666666,娃娃菜葉子飄啊飄:,未知,2025/4/25 11:58,又寫錯了是薯片,0
11809871632,美食饮料,666666,孟好好:,未知,2025/4/25 11:58,5袋乐事吧,1
11809871632,美食饮料,666666,夏灵竹:,未知,2025/4/25 11:58,5Ls,0
11809871632,美食饮料,666666,小葡萄:,未知,2025/4/25 11:58,大漂亮陆少中午好~,0
11809871632,美食饮料,666666,小桃子:,未知,2025/4/25 11:58,小猪妮你写了脆墩墩,0
11809871632,美食饮料,666666,夏灵竹:,未知,2025/4/25 11:58,怎么变cdd了,0
11809871632,美食饮料,666666,娃娃菜葉子飄啊飄:,未知,2025/4/25 11:58,小豬妮陸少寫錯了啦,0
11809871632,美食饮料,666666,Lanbabe:,未知,2025/4/25 11:58,小助理写错了,0
11809871632,美食饮料,666666,小葡萄:,未知,2025/4/25 11:59,@小桃子哈喽哈喽~挑子,0
11809871632,美食饮料,666666,Lily 4134:,未知,2025/4/25 11:59,下单的,1
11809871632,美食饮料,666666,夏灵竹:,未知,2025/4/25 11:59,不是这个,0
11809871632,美食饮料,666666,小桃子:,未知,2025/4/25 11:59,@小葡萄葡萄哈喽哈喽,0
11809871632,美食饮料,666666,夏灵竹:,未知,2025/4/25 11:59,过生日咯,0
11809871632,美食饮料,666666,Lanbabe:,未知,2025/4/25 11:59,@Lily4134生日快乐,0
11809871632,美食饮料,666666,Lily 4134:,未知,2025/4/25 11:59,谢谢大家,0
11809871632,美食饮料,666666,不加:,未知,2025/4/25 11:59,生日快樂,0
11809871632,美食饮料,666666,椰椰椰子:,未知,2025/4/25 11:59,@Lily4134lily富婆生日快樂,0
11809871632,美食饮料,666666,清儿:,未知,2025/4/25 11:59,生日快乐,0
11809871632,美食饮料,666666,清儿:,未知,2025/4/25 12:00,"生日快乐,万事如意",0
11809871632,美食饮料,666666,小桃子:,未知,2025/4/25 12:00,@Lily4134生日快乐永远18,0
11809871632,美食饮料,666666,不加:,未知,2025/4/25 12:00,給富婆也整一套小麵包,0
11809871632,美食饮料,666666,Lily 4134:,未知,2025/4/25 12:00,感谢大家,0
11809871632,美食饮料,666666,Lily 4134:,未知,2025/4/25 12:00,大家一起发财,0
11809871632,美食饮料,666666,Lily 4134:,未知,2025/4/25 12:01,哇塞塞,0
11809871632,美食饮料,666666,小桃子:,未知,2025/4/25 12:01,开始说hihi了啊哈哈,0
11809871632,美食饮料,666666,夏灵竹:,未知,2025/4/25 12:01,来了来了,0
11809871632,美食饮料,666666,Lily 4134:,未知,2025/4/25 12:01,居然还有2首歌,0
11809871632,美食饮料,666666,Tingzzz:,未知,2025/4/25 12:01,@小桃子,0
11809871632,美食饮料,666666,小桃子:,未知,2025/4/25 12:01,我什么时候听到这首歌不笑,0
11809871632,美食饮料,666666,爱烹饪的拔叔:,未知,2025/4/25 12:01,终于下班了,0
11809871632,美食饮料,666666,娃娃菜葉子飄啊飄:,未知,2025/4/25 12:01,榴蓮是迷音吧,0
11809871632,美食饮料,666666,Tingzzz:,未知,2025/4/25 12:01,@小桃子看來我要解釋那Hihi意思,0
11809871632,美食饮料,666666,Lily 4134:,未知,2025/4/25 12:02,@小桃子你,0
11809871632,美食饮料,666666,小桃子:,未知,2025/4/25 12:02,@Tingzzz你說,0
11809871632,美食饮料,666666,爱烹饪的拔叔:,未知,2025/4/25 12:02,我终于下班了,0
11809871632,美食饮料,666666,爱烹饪的拔叔:,未知,2025/4/25 12:02,"大家点点赞,点赞到三万转盘机会得十五枚脆墩墩（现在是十枚,最高五万赞二十五枚）",0
11809871632,美食饮料,666666,Tingzzz:,未知,2025/4/25 12:02,@小桃子好开心的Hihi,0
11809871632,美食饮料,666666,Lily 4134:,未知,2025/4/25 12:02,爱你们,0
11809871632,美食饮料,666666,:,未知,2025/4/25 12:02,生日快乐,0
11809871632,美食饮料,666666,小桃子:,未知,2025/4/25 12:02,"@Lily4134lily生日快樂,沒有我就是之前老是聽朋友說這首歌然後忍不住",0
11809871632,美食饮料,666666,爱烹饪的拔叔:,未知,2025/4/25 12:02,"@椰椰椰子椰子,生日快乐",0
11809871632,美食饮料,666666,爱烹饪的拔叔:,未知,2025/4/25 12:02,@Lily4134Lily生日快乐,0
11809871632,美食饮料,666666,小桃子:,未知,2025/4/25 12:02,@Tingzzz是的,0
11809871632,美食饮料,666666,椰椰椰子:,未知,2025/4/25 12:03,@爱烹饪的拔叔謝謝瓜總,0
11809871632,美食饮料,666666,Lily 4134:,未知,2025/4/25 12:03,谢谢瓜总,0
11809871632,美食饮料,666666,椰椰椰子:,未知,2025/4/25 12:04,別勉強大叔了,0
11809871632,美食饮料,666666,Lily 4134:,未知,2025/4/25 12:04,谁最疯狂就谁上,0
11809871632,美食饮料,666666,:,未知,2025/4/25 12:04,过份了,0
11809871632,美食饮料,666666,小桃子:,未知,2025/4/25 12:04,打包大叔是要送吗啊哈哈哈,0
11809871632,美食饮料,666666,娃娃菜葉子飄啊飄:,未知,2025/4/25 12:04,不要勉強他,0
11809871632,美食饮料,666666,小葡萄:,未知,2025/4/25 12:04,别欺负大叔了,0
11809871632,美食饮料,666666,Lily 4134:,未知,2025/4/25 12:04,大漂亮,0
11809871632,美食饮料,666666,Lanbabe:,未知,2025/4/25 12:04,大叔说自从来这里上班认识了好多小玩具,0
11809871632,美食饮料,666666,Lily 4134:,未知,2025/4/25 12:05,歌听啥都可以,0
11809871632,美食饮料,666666,小桃子:,未知,2025/4/25 12:05,"大叔打包：仔细端详,这是什么东西",0
11809871632,美食饮料,666666,Lily 4134:,未知,2025/4/25 12:05,谢谢小猪妮,0
11809871632,美食饮料,666666,Lily 4134:,未知,2025/4/25 12:05,"陆少说你们在等我,我就立马上来直播间",0
11809871632,美食饮料,666666,你们的初見带著財神爺来了:,未知,2025/4/25 12:05,轉盤是啥?我沒看到,1
11809871632,美食饮料,666666,娃娃菜葉子飄啊飄:,未知,2025/4/25 12:06,還沒轉盤,0
11809871632,美食饮料,666666,娃娃菜葉子飄啊飄:,未知,2025/4/25 12:06,還沒喊口號,0
11809871632,美食饮料,666666,Lanbabe:,未知,2025/4/25 12:06,口号呢,0
11809871632,美食饮料,666666,Lily 4134:,未知,2025/4/25 12:06,"我可能一会看不到,你们安排就好",0
11809871632,美食饮料,666666,娃娃菜葉子飄啊飄:,未知,2025/4/25 12:08,喜歡大漂亮今天衣服的顏色嘿嘿,0
11809871632,美食饮料,666666,Lily 4134:,未知,2025/4/25 12:08,"小猪妮,如果欧到那些玩具什么,麻烦你拍个照给我,感谢",0
11809871632,美食饮料,666666,小胖茂:,未知,2025/4/25 12:08,天呐我今天好混乱好混乱,0
11809871632,美食饮料,666666,Lanbabe:,未知,2025/4/25 12:08,交给大漂亮就放心了,0
11809871632,美食饮料,666666,娃娃菜葉子飄啊飄:,未知,2025/4/25 12:09,@小胖茂怎麼了,0
11809871632,美食饮料,666666,不加:,未知,2025/4/25 12:09,扒皮的銀行卡這個我喜歡,1
11809871632,美食饮料,666666,小胖茂:,未知,2025/4/25 12:09,脑子像浆糊文件太多了,0
11809871632,美食饮料,666666,椰椰椰子:,未知,2025/4/25 12:09,我想問一下我的封箱了嗎,0
11809871632,美食饮料,666666,娃娃菜葉子飄啊飄:,未知,2025/4/25 12:09,@小胖茂我以為你覺得直播間今天好混亂哈哈哈,0
11809871632,美食饮料,666666,小胖茂:,未知,2025/4/25 12:10,这边在疯狂改文件那边客户还来和我核对数量给我乱的,0
11809871632,美食饮料,666666,小胖茂:,未知,2025/4/25 12:10,@娃娃菜葉子飄啊飄没有我今天除了唱生日歌的时候我都是在听直播,0
11809871632,美食饮料,666666,白猫灵灵:,未知,2025/4/25 12:11,这是富婆吗?,0
11809871632,美食饮料,666666,不加:,未知,2025/4/25 12:11,兩單富婆,0
11809871632,美食饮料,666666,娃娃菜葉子飄啊飄:,未知,2025/4/25 12:11,@白猫灵灵兩單富婆,0
11809871632,美食饮料,666666,小胖茂:,未知,2025/4/25 12:11,小猪妮你看看信息呀,0
11809871632,美食饮料,666666,白猫灵灵:,未知,2025/4/25 12:11,"两单一起啊,难怪那么多",0
11809871632,美食饮料,666666,白猫灵灵:,未知,2025/4/25 12:12,一进来就看见一堆,0
11809871632,美食饮料,666666,白猫灵灵:,未知,2025/4/25 12:12,都放不下了,0
11809871632,美食饮料,666666,Lanbabe:,未知,2025/4/25 12:12,推走100吧,0
11809871632,美食饮料,666666,白猫灵灵:,未知,2025/4/25 12:13,"哇,好多啊,吃不完吧",0
11809871632,美食饮料,666666,不加:,未知,2025/4/25 12:13,都分享出去了,0
11809871632,美食饮料,666666,娃娃菜葉子飄啊飄:,未知,2025/4/25 12:14,@白猫灵灵這是分享給大家的,0
11809871632,美食饮料,666666,Lanbabe:,未知,2025/4/25 12:14,@白猫灵灵分享的,0
11809871632,美食饮料,666666,清儿:,未知,2025/4/25 12:16,都不需要魔法,0
11809871632,美食饮料,666666,emo小地瓜:,未知,2025/4/25 12:17,直播間到底有幾隻手機,0
11809871632,美食饮料,666666,Lanbabe:,未知,2025/4/25 12:17,不是第一口吗,0
11809871632,美食饮料,666666,清儿:,未知,2025/4/25 12:17,不是第一口嘛,0
11809871632,美食饮料,666666,白猫灵灵:,未知,2025/4/25 12:19,"可以推走了,看不见了",0
11809871632,美食饮料,666666,emo小地瓜:,未知,2025/4/25 12:19,3萬讚了,0
11809871632,美食饮料,666666,可爱鱼:,未知,2025/4/25 12:19,三万!,0
11809871632,美食饮料,666666,爱烹饪的拔叔:,未知,2025/4/25 12:19,"小鱼,喝水,吃糖",0
11809871632,美食饮料,666666,不加:,未知,2025/4/25 12:20,170+120,1
11809871632,美食饮料,666666,爱烹饪的拔叔:,未知,2025/4/25 12:20,"大家点点赞,点赞到四万转盘机会得二十枚脆墩墩（现在是十五枚,最高五万赞二十五枚）",0
11809871632,美食饮料,666666,飞花轻似梦:,未知,2025/4/25 12:21,连魔法都没有了绿的发紫,0
11809871632,美食饮料,666666,小胖茂:,未知,2025/4/25 12:21,亭子在不在,0
11809871632,美食饮料,666666,Lanbabe:,未知,2025/4/25 12:21,现在都不扔了,0
11809871632,美食饮料,666666,小胖茂:,未知,2025/4/25 12:21,帮我找找亭子,0
11809871632,美食饮料,666666,小葡萄:,未知,2025/4/25 12:21,@飞花轻似梦哈哈哈哈哈,0
11809871632,美食饮料,666666,小葡萄:,未知,2025/4/25 12:21,呼叫亭子,0
11809871632,美食饮料,666666,爱烹饪的拔叔:,未知,2025/4/25 12:21,@小葡萄萄萄好,0
11809871632,美食饮料,666666,爱烹饪的拔叔:,未知,2025/4/25 12:21,"大家点点赞,点赞到四万转盘机会得二十枚脆墩墩（现在是十五枚,最高五万赞二十五枚）",0
11809871632,美食饮料,666666,C 小、草莓:,未知,2025/4/25 12:21,"我说我怎么看不出来,我还以为我眼睛出问题了,后来发现都是演员",0
11809871632,美食饮料,666666,小葡萄:,未知,2025/4/25 12:22,@爱烹饪的拔叔哈喽哈喽~瓜总,0
11809871632,美食饮料,666666,C:,未知,2025/4/25 12:22,今天是什么好日子,0
11809871632,美食饮料,666666,爱烹饪的拔叔:,未知,2025/4/25 12:22,我想换头像,0
11809871632,美食饮料,666666,C:,未知,2025/4/25 12:22,这么多[棒R],0
11809871632,美食饮料,666666,小胖茂:,未知,2025/4/25 12:22,漂亮余,0
11809871632,美食饮料,666666,小七:,未知,2025/4/25 12:22,290+38=328,0
11809871632,美食饮料,666666,小胖茂:,未知,2025/4/25 12:22,漂亮余喝水,0
11809871632,美食饮料,666666,草莓槑:,未知,2025/4/25 12:23,这谁的单子?!,0
11809871632,美食饮料,666666,娃娃菜葉子飄啊飄:,未知,2025/4/25 12:23,@草莓槑lily富婆的,0
11809871632,美食饮料,666666,emo小地瓜:,未知,2025/4/25 12:23,一半主播的,0
11809871632,美食饮料,666666,爱烹饪的拔叔:,未知,2025/4/25 12:23,@草莓槑莓莓老师,0
11809871632,美食饮料,666666,小葡萄:,未知,2025/4/25 12:23,@草莓槑哈喽哈喽~莓莓,0
11809871632,美食饮料,666666,娃娃菜葉子飄啊飄:,未知,2025/4/25 12:24,這老師的數學不好哈哈哈,0
11809871632,美食饮料,666666,草莓槑:,未知,2025/4/25 12:24,大家好,0
11809871632,美食饮料,666666,娃娃菜葉子飄啊飄:,未知,2025/4/25 12:24,@草莓槑你忙完了喔,0
11809871632,美食饮料,666666,草莓槑:,未知,2025/4/25 12:24,@小葡萄哈咯萄萄,0
11809871632,美食饮料,666666,椰椰椰子:,未知,2025/4/25 12:24,@草莓槑吃飯了嗎,0
11809871632,美食饮料,666666,Vking:,未知,2025/4/25 12:24,下次下单改名为没睡醒,0
11809871632,美食饮料,666666,草莓槑:,未知,2025/4/25 12:24,@娃娃菜葉子飄啊飄还没哈哈哈哈哈哈,0
11809871632,美食饮料,666666,草莓槑:,未知,2025/4/25 12:25,@椰椰椰子就现在,0
11809871632,美食饮料,666666,小胖茂:,未知,2025/4/25 12:25,@草莓槑辛苦啦,0
11809871632,美食饮料,666666,草莓槑:,未知,2025/4/25 12:25,10分钟,0
11809871632,美食饮料,666666,爱烹饪的拔叔:,未知,2025/4/25 12:25,我莓莓老师不理我,0
11809871632,美食饮料,666666,娃娃菜葉子飄啊飄:,未知,2025/4/25 12:25,@椰椰椰子你送的東西都是集運寄來的嗎?,0
11809871632,美食饮料,666666,小胖茂:,未知,2025/4/25 12:25,你多喝点水,0
11809871632,美食饮料,666666,草莓槑:,未知,2025/4/25 12:26,@爱烹饪的拔叔我没看到!瓜总!!,0
11809871632,美食饮料,666666,小胖茂:,未知,2025/4/25 12:26,今天不舒服你明天休息吧,0
11809871632,美食饮料,666666,小胖茂:,未知,2025/4/25 12:26,漂亮余,0
11809871632,美食饮料,666666,椰椰椰子:,未知,2025/4/25 12:26,大漂亮那個貓咪也給lily富婆喲,0
11809871632,美食饮料,666666,爱烹饪的拔叔:,未知,2025/4/25 12:26,@草莓槑莓莓老师,0
11809871632,美食饮料,666666,草莓槑:,未知,2025/4/25 12:26,@爱烹饪的拔叔瓜总好,0
11809871632,美食饮料,666666,椰椰椰子:,未知,2025/4/25 12:27,飄飄剛剛有說話嗎,0
11809871632,美食饮料,666666,爱烹饪的拔叔:,未知,2025/4/25 12:27,"以后莓莓是我老师,对她好点",0
11809871632,美食饮料,666666,草莓槑:,未知,2025/4/25 12:27,蛤????,0
11809871632,美食饮料,666666,娃娃菜葉子飄啊飄:,未知,2025/4/25 12:27,@椰椰椰子有的我問你說椰椰喵是集運送來的嗎?,0
11809871632,美食饮料,666666,小胖茂:,未知,2025/4/25 12:27,榴莲帮我呼叫小猪妮,0
11809871632,美食饮料,666666,爱烹饪的拔叔:,未知,2025/4/25 12:27,@草莓槑,0
11809871632,美食饮料,666666,小胖茂:,未知,2025/4/25 12:27,帮我呼叫小猪妮,0
11809871632,美食饮料,666666,椰椰椰子:,未知,2025/4/25 12:28,@娃娃菜葉子飄啊飄不是是我下單直接送到他們那,0
11809871632,美食饮料,666666,娃娃菜葉子飄啊飄:,未知,2025/4/25 12:28,@椰椰椰子好的對吼這樣也行,0
11809871632,美食饮料,666666,爱烹饪的拔叔:,未知,2025/4/25 12:28,"大家点点赞,点赞到四万转盘机会得二十枚脆墩墩（现在是十五枚,最高五万赞二十五枚）",0
11809871632,美食饮料,666666,爱烹饪的拔叔:,未知,2025/4/25 12:28,我要官宣一件事,0
11809871632,美食饮料,666666,小胖茂:,未知,2025/4/25 12:29,漂亮余我找她有急事能帮帮我吗,0
11809871632,美食饮料,666666,爱烹饪的拔叔:,未知,2025/4/25 12:29,以后莓莓是我老师,0
11809871632,美食饮料,666666,娃娃菜葉子飄啊飄:,未知,2025/4/25 12:29,今天幾點下鏈接呀～,0
11809871632,美食饮料,666666,爱烹饪的拔叔:,未知,2025/4/25 12:29,@小胖茂你找谁,0
11809871632,美食饮料,666666,小胖茂:,未知,2025/4/25 12:29,@爱烹饪的拔叔小猪妮,0
11809871632,美食饮料,666666,草莓槑:,未知,2025/4/25 12:29,瓜总什么老师,0
11809871632,美食饮料,666666,草莓槑:,未知,2025/4/25 12:30,我不知道,0
11809871632,美食饮料,666666,飞花轻似梦:,未知,2025/4/25 12:30,没到保底,0
11809871632,美食饮料,666666,草莓槑:,未知,2025/4/25 12:30,我忙着吃饭,0
11809871632,美食饮料,666666,草莓槑:,未知,2025/4/25 12:30,要快点吃,0
11809871632,美食饮料,666666,爱烹饪的拔叔:,未知,2025/4/25 12:30,@草莓槑厨艺老师,0
11809871632,美食饮料,666666,草莓槑:,未知,2025/4/25 12:30,我剩五分钟,0
11809871632,美食饮料,666666,爱烹饪的拔叔:,未知,2025/4/25 12:30,@草莓槑老师辛苦啦,0
11809871632,美食饮料,666666,娃娃菜葉子飄啊飄:,未知,2025/4/25 12:30,@草莓槑吃飯時間怎麼這麼短,0
11809871632,美食饮料,666666,草莓槑:,未知,2025/4/25 12:30,@娃娃菜葉子飄啊飄因为这个公司没人性,0
11809871632,美食饮料,666666,还是睡不着:,未知,2025/4/25 12:31,下链接～,1
11809871632,美食饮料,666666,草莓槑:,未知,2025/4/25 12:31,我走了大漂亮记得开回放!!!,0
11809871632,美食饮料,666666,小桃子:,未知,2025/4/25 12:31,@草莓槑整顿职场走起,0
11809871632,美食饮料,666666,小桃子:,未知,2025/4/25 12:32,几点下播,0
11809871632,美食饮料,666666,椰椰椰子:,未知,2025/4/25 12:32,@草莓槑拜拜[抽泣R],0
11809871632,美食饮料,666666,小桃子:,未知,2025/4/25 12:32,@爱烹饪的拔叔瓜总好,0
11809871632,美食饮料,666666,emo小地瓜:,未知,2025/4/25 12:32,今天怎麼加班啦?,0
11809871632,美食饮料,666666,飞花轻似梦:,未知,2025/4/25 12:32,问就是没有,0
11809871632,美食饮料,666666,能讲情话吗？:,未知,2025/4/25 12:32,奶中了许愿色,0
11809871632,美食饮料,666666,emo小地瓜:,未知,2025/4/25 12:33,為什麼今天加班啊,0
11809871632,美食饮料,666666,源头代理产地证:,未知,2025/4/25 12:33,"光看聊天了,没看",0
11809871632,美食饮料,666666,emo小地瓜:,未知,2025/4/25 12:33,忘記抽福袋!!,0
11809871632,美食饮料,666666,爱烹饪的拔叔:,未知,2025/4/25 12:33,"大家点点赞,点赞到四万转盘机会得二十枚脆墩墩（现在是十五枚,最高五万赞二十五枚）",0
11809871632,美食饮料,666666,椰椰椰子:,未知,2025/4/25 12:34,可以看你們看久一點,0
11809871632,美食饮料,666666,小桃子:,未知,2025/4/25 12:34,家人们都吃饭了吗,0
11809871632,美食饮料,666666,爱烹饪的拔叔:,未知,2025/4/25 12:34,我们急啥,0
11809871632,美食饮料,666666,飞花轻似梦:,未知,2025/4/25 12:35,LILY富婆分享,0
11809871632,美食饮料,666666,椰椰椰子:,未知,2025/4/25 12:35,@小桃子還沒,0
11809871632,美食饮料,666666,小胖茂:,未知,2025/4/25 12:36,漂亮余,0
11809871632,美食饮料,666666,一顿四个肉夹馍:,未知,2025/4/25 12:36,几点下班啊,0
11809871632,美食饮料,666666,小胖茂:,未知,2025/4/25 12:36,喝点水,0
11809871632,美食饮料,666666,小生:,未知,2025/4/25 12:37,欧气!,0
11809871632,美食饮料,666666,emo小地瓜:,未知,2025/4/25 12:37,@一顿四个肉夹馍只有說晚點,0
11809871632,美食饮料,666666,小胖茂:,未知,2025/4/25 12:37,还有一分钟,0
11809871632,美食饮料,666666,小生:,未知,2025/4/25 12:37,怎么还不下链接,1
11809871632,美食饮料,666666,小生:,未知,2025/4/25 12:37,这么强!,0
11809871632,美食饮料,666666,Lanbabe:,未知,2025/4/25 12:37,我今天点奶茶骑手给我送错了,0
11809871632,美食饮料,666666,Lanbabe:,未知,2025/4/25 12:37,骑手还说没送错,0
11809871632,美食饮料,666666,Vking:,未知,2025/4/25 12:38,今天还没截单呀,0
11809871632,美食饮料,666666,emo小地瓜:,未知,2025/4/25 12:38,@Lanbabe差評,0
11809871632,美食饮料,666666,Lanbabe:,未知,2025/4/25 12:38,"结果商家今天有两个18号一个是预定单的18号,,我也是18号,骑手就拿错了",0
11809871632,美食饮料,666666,小胖茂:,未知,2025/4/25 12:38,小猪妮来吧,0
11809871632,美食饮料,666666,小胖茂:,未知,2025/4/25 12:39,还有几单?,0
11809871632,美食饮料,666666,爱烹饪的拔叔:,未知,2025/4/25 12:40,"大家点点赞,点赞到四万转盘机会得二十枚脆墩墩（现在是十五枚,最高五万赞二十五枚）",0
11809871632,美食饮料,666666,小胖茂:,未知,2025/4/25 12:40,漂亮不开心了吗,0
11809871632,美食饮料,666666,爱烹饪的拔叔:,未知,2025/4/25 12:40,"小鱼,我也要",1
11809871632,美食饮料,666666,娃娃菜葉子飄啊飄:,未知,2025/4/25 12:41,今天幾點抽獎呀,0
11809871632,美食饮料,666666,xiaokeai:,未知,2025/4/25 12:41,放右边,0
11809871632,美食饮料,666666,:,未知,2025/4/25 12:41,不结单?,0
11809871632,美食饮料,666666,小胖茂:,未知,2025/4/25 12:41,今天不下链接吗,1
11809871632,美食饮料,666666,爱烹饪的拔叔:,未知,2025/4/25 12:41,下链接,1
11809871632,美食饮料,666666,可爱鱼:,未知,2025/4/25 12:42,上一个,0
11809871632,美食饮料,666666,还是睡不着:,未知,2025/4/25 12:42,"对,键盘太好看了",1
11809871632,美食饮料,666666,爱烹饪的拔叔:,未知,2025/4/25 12:42,"再忙也没这个重要呀,不下班啦",0
11809871632,美食饮料,666666,小胖茂:,未知,2025/4/25 12:43,我又不行了小猪妮,0
11809871632,美食饮料,666666,不加:,未知,2025/4/25 12:43,不下連結怎麼拆盲盒,1
11809871632,美食饮料,666666,小胖茂:,未知,2025/4/25 12:43,想看哈哈哈哈啊哈哈,0
11809871632,美食饮料,666666,:,未知,2025/4/25 12:43,为啥不下链接啊?,1
11809871632,美食饮料,666666,可爱鱼:,未知,2025/4/25 12:43,没许愿色,0
11809871632,美食饮料,666666,不加:,未知,2025/4/25 12:44,三麗鷗,0
11809871632,美食饮料,666666,可爱鱼:,未知,2025/4/25 12:44,上上单有我的脆墩墩,1
11809871632,美食饮料,666666,小胖茂:,未知,2025/4/25 12:44,我是坏人我是坏人,0
11809871632,美食饮料,666666,可爱鱼:,未知,2025/4/25 12:44,没人理我,0
11809871632,美食饮料,666666,Wenchen013:,未知,2025/4/25 12:44,上上單,0
11809871632,美食饮料,666666,小嫩猪蹄子:,未知,2025/4/25 12:44,我的吗?,0
11809871632,美食饮料,666666,小胖茂:,未知,2025/4/25 12:44,我来背锅我来背锅,0
11809871632,美食饮料,666666,可爱鱼:,未知,2025/4/25 12:44,第一根紫色的,0
11809871632,美食饮料,666666,椰椰椰子:,未知,2025/4/25 12:44,@小胖茂怎麼你要背鍋了,0
11809871632,美食饮料,666666,可爱鱼:,未知,2025/4/25 12:44,好像是我忘记了,0
11809871632,美食饮料,666666,可爱鱼:,未知,2025/4/25 12:45,还是睡不着前一单,0
11809871632,美食饮料,666666,小胖茂:,未知,2025/4/25 12:45,@椰椰椰子因为你今天过生日,0
11809871632,美食饮料,666666,不加:,未知,2025/4/25 12:45,倒數第二粉,0
11809871632,美食饮料,666666,可爱鱼:,未知,2025/4/25 12:45,@小嫩猪蹄子不谢!,0
11809871632,美食饮料,666666,椰椰椰子:,未知,2025/4/25 12:45,@小胖茂那也不許你搶我工作,0
11809871632,美食饮料,666666,小胖茂:,未知,2025/4/25 12:45,@椰椰椰子行行行,0
11809871632,美食饮料,666666,可乐加冰:,未知,2025/4/25 12:46,今天是一点下链接吗,1
11809871632,美食饮料,666666,emo小地瓜:,未知,2025/4/25 12:47,還沒下鏈結嗎,1
11809871632,美食饮料,666666,:,未知,2025/4/25 12:47,小咸鱼,0
11809871632,美食饮料,666666,小胖茂:,未知,2025/4/25 12:48,漂亮余你明天休息吧,0
11809871632,美食饮料,666666,小胖茂:,未知,2025/4/25 12:48,感觉你不舒服呀,0
11809871632,美食饮料,666666,爱烹饪的拔叔:,未知,2025/4/25 12:48,前面榴莲多划了,0
11809871632,美食饮料,666666,椰椰椰子:,未知,2025/4/25 12:48,瓜總的先,0
11809871632,美食饮料,666666,小胖茂:,未知,2025/4/25 12:48,我们替你们急,0
11809871632,美食饮料,666666,小胖茂:,未知,2025/4/25 12:49,@爱烹饪的拔叔你不想让她们下班吗还下单,0
11809871632,美食饮料,666666,爱烹饪的拔叔:,未知,2025/4/25 12:49,本来是整的,0
11809871632,美食饮料,666666,椰椰椰子:,未知,2025/4/25 12:49,56-65,0
11809871632,美食饮料,666666,不爱吃苹果:,未知,2025/4/25 12:49,今天是到1点么[捂嘴笑R],0
11809871632,美食饮料,666666,爱烹饪的拔叔:,未知,2025/4/25 12:49,我不想要啥,0
11809871632,美食饮料,666666,小生:,未知,2025/4/25 12:49,要小紧张,0
11809871632,美食饮料,666666,娃娃菜葉子飄啊飄:,未知,2025/4/25 12:49,他想要小紫嘖,0
11809871632,美食饮料,666666,小胖茂:,未知,2025/4/25 12:50,@小生早上没有小紧张之后我的大漂亮,0
11809871632,美食饮料,666666,小生:,未知,2025/4/25 12:50,除了榴莲谁都行,0
11809871632,美食饮料,666666,小桃子:,未知,2025/4/25 12:50,小猪妮大漂亮,0
11809871632,美食饮料,666666,Vking:,未知,2025/4/25 12:50,截单啦终于,0
11809871632,美食饮料,666666,Yvette:,未知,2025/4/25 12:50,fx!,0
11809871632,美食饮料,666666,小生:,未知,2025/4/25 12:50,都一样,0
11809871632,美食饮料,666666,小胖茂:,未知,2025/4/25 12:50,@小生不一样,0
11809871632,美食饮料,666666,椰椰椰子:,未知,2025/4/25 12:50,草莓莓說好吃我也來試吃,1
11809871632,美食饮料,666666,娃娃菜葉子飄啊飄:,未知,2025/4/25 12:50,@椰椰椰子不是不能寄吃的嗎?,0
11809871632,美食饮料,666666,椰椰椰子:,未知,2025/4/25 12:50,@娃娃菜葉子飄啊飄轉運倉說可以,0
11809871632,美食饮料,666666,椰椰椰子:,未知,2025/4/25 12:51,那就錘總吧,0
11809871632,美食饮料,666666,:,未知,2025/4/25 12:51,惬意?,0
11809871632,美食饮料,666666,不加:,未知,2025/4/25 12:51,看東西,0
11809871632,美食饮料,666666,不加:,未知,2025/4/25 12:51,巧克力可以,1
11809871632,美食饮料,666666,椰椰椰子:,未知,2025/4/25 12:51,別讓他跟紫月聊天了,0
11809871632,美食饮料,666666,小生:,未知,2025/4/25 12:51,你们吃饭了吗?,0
11809871632,美食饮料,666666,小胖茂:,未知,2025/4/25 12:52,现在是最后一单了吗,0
11809871632,美食饮料,666666,小生:,未知,2025/4/25 12:52,我在等我同学取完快递,0
11809871632,美食饮料,666666,椰椰椰子:,未知,2025/4/25 12:52,我想聽天真有邪,0
11809871632,美食饮料,666666,椰椰椰子:,未知,2025/4/25 12:52,錘總來,0
11809871632,美食饮料,666666,椰椰椰子:,未知,2025/4/25 12:52,別跟紫月聊天了,0
11809871632,美食饮料,666666,娃娃菜葉子飄啊飄:,未知,2025/4/25 12:52,@椰椰椰子宥嘉,0
11809871632,美食饮料,666666,椰椰椰子:,未知,2025/4/25 12:53,@娃娃菜葉子飄啊飄其實臨時要我想歌我都想不到,0
11809871632,美食饮料,666666,爱烹饪的拔叔:,未知,2025/4/25 12:53,又多一个,0
11809871632,美食饮料,666666,烟花里的尘埃:,未知,2025/4/25 12:53,绿色5个,0
11809871632,美食饮料,666666,椰椰椰子:,未知,2025/4/25 12:53,我許粉色嗎,1
11809871632,美食饮料,666666,爱烹饪的拔叔:,未知,2025/4/25 12:53,"锤总,大漂亮的分割线白划了",0
11809871632,美食饮料,666666,Yvette:,未知,2025/4/25 12:53,后面的看不到,0
11809871632,美食饮料,666666,小胖茂:,未知,2025/4/25 12:53,榴莲拆快点,0
11809871632,美食饮料,666666,娃娃菜葉子飄啊飄:,未知,2025/4/25 12:54,他就喜歡渣藍,0
11809871632,美食饮料,666666,不加:,未知,2025/4/25 12:55,椰子住哪裡下個月回灣灣給你寄好吃的,0
11809871632,美食饮料,666666,椰椰椰子:,未知,2025/4/25 12:55,@娃娃菜葉子飄啊飄這麼說好像對又好像不太對,0
11809871632,美食饮料,666666,小桃子:,未知,2025/4/25 12:56,"锤总把条条放下面,看不见前面的了",0
11809871632,美食饮料,666666,不加:,未知,2025/4/25 12:56,過幾天飛德國待半個月,0
11809871632,美食饮料,666666,小胖茂:,未知,2025/4/25 12:57,小猪妮你和酷姐笑的有点开心嘛,0
11809871632,美食饮料,666666,小桃子:,未知,2025/4/25 12:57,没事你继续,0
11809871632,美食饮料,666666,椰椰椰子:,未知,2025/4/25 12:58,@不加你是去玩嗎～那你住哪呀,0
11809871632,美食饮料,666666,小胖茂:,未知,2025/4/25 12:58,我是坏人,0
11809871632,美食饮料,666666,不加:,未知,2025/4/25 12:58,我在高雄,0
11809871632,美食饮料,666666,Tingzzz:,未知,2025/4/25 12:58,@小胖茂下巴好几层的坏人,0
11809871632,美食饮料,666666,椰椰椰子:,未知,2025/4/25 12:58,@不加熱鼠了吧,0
11809871632,美食饮料,666666,小桃子:,未知,2025/4/25 12:58,小猪妮的笑声太好认了,0
11809871632,美食饮料,666666,不加:,未知,2025/4/25 12:59,我都窩在冷氣房,0
11809871632,美食饮料,666666,小胖茂:,未知,2025/4/25 12:59,@Tingzzz是是是今天说什么我都认,0
11809871632,美食饮料,666666,椰椰椰子:,未知,2025/4/25 12:59,哇噻我真歐,0
11809871632,美食饮料,666666,Tingzzz:,未知,2025/4/25 12:59,@小胖茂真的?,0
11809871632,美食饮料,666666,椰椰椰子:,未知,2025/4/25 12:59,@小胖茂你忙完啦?,0
11809871632,美食饮料,666666,小胖茂:,未知,2025/4/25 12:59,别想空手套白狼,0
11809871632,美食饮料,666666,小胖茂:,未知,2025/4/25 13:00,@椰椰椰子在午休,0
11809871632,美食饮料,666666,:,未知,2025/4/25 13:00,今天属实有点晚了,0
11809871632,美食饮料,666666,小生:,未知,2025/4/25 13:01,她们爱上班,0
11809871632,美食饮料,666666,椰椰椰子:,未知,2025/4/25 13:01,今天開回放所以我愛上班,0
11809871632,美食饮料,666666,小生:,未知,2025/4/25 13:01,没结巴,0
11809871632,美食饮料,666666,小胖茂:,未知,2025/4/25 13:02,今天大家都开心,0
11809871632,美食饮料,666666,小桃子:,未知,2025/4/25 13:02,理想身高,0
11809871632,美食饮料,666666,椰椰椰子:,未知,2025/4/25 13:02,都可以,0
11809871632,美食饮料,666666,小生:,未知,2025/4/25 13:03,我!166,0
11809871632,美食饮料,666666,小桃子:,未知,2025/4/25 13:03,大漂亮好高,0
11809871632,美食饮料,666666,小桃子:,未知,2025/4/25 13:03,我喜欢,0
11809871632,美食饮料,666666,椰椰椰子:,未知,2025/4/25 13:03,好的謝謝你們,0
11809871632,美食饮料,666666,小桃子:,未知,2025/4/25 13:03,大长腿,0
11809871632,美食饮料,666666,:,未知,2025/4/25 13:03,我居然比你矮一公分,0
11809871632,美食饮料,666666,椰椰椰子:,未知,2025/4/25 13:03,@小桃子小桃几多高,0
11809871632,美食饮料,666666,Vking:,未知,2025/4/25 13:04,好大的盒子,0
11809871632,美食饮料,666666,小桃子:,未知,2025/4/25 13:04,穿鞋166,1
11809871632,美食饮料,666666,:,未知,2025/4/25 13:04,羡慕了,0
11809871632,美食饮料,666666,娃娃菜葉子飄啊飄:,未知,2025/4/25 13:04,怎麼沒有關心我在不在,0
11809871632,美食饮料,666666,:,未知,2025/4/25 13:04,就是让我门羡慕嘛,0
11809871632,美食饮料,666666,小桃子:,未知,2025/4/25 13:04,我不重要,0
11809871632,美食饮料,666666,椰椰椰子:,未知,2025/4/25 13:04,我不重要嗎,0
11809871632,美食饮料,666666,小桃子:,未知,2025/4/25 13:04,那我走,0
11809871632,美食饮料,666666,小生:,未知,2025/4/25 13:04,我不在我走,0
11809871632,美食饮料,666666,小胖茂:,未知,2025/4/25 13:04,大家都重要,0
11809871632,美食饮料,666666,小桃子:,未知,2025/4/25 13:04,伤心了,0
11809871632,美食饮料,666666,不爱吃苹果:,未知,2025/4/25 13:04,今天是什么盲盒!,0
11809871632,美食饮料,666666,小桃子:,未知,2025/4/25 13:04,"我不重要,那我走",0
11809871632,美食饮料,666666,娃娃菜葉子飄啊飄:,未知,2025/4/25 13:05,我要走了,0
11809871632,美食饮料,666666,娃娃菜葉子飄啊飄:,未知,2025/4/25 13:05,好難過,0
11809871632,美食饮料,666666,小生:,未知,2025/4/25 13:05,你说求求你了,0
11809871632,美食饮料,666666,小桃子:,未知,2025/4/25 13:05,我们几个抱一起吧,0
11809871632,美食饮料,666666,小桃子:,未知,2025/4/25 13:05,椰椰子和叶叶子,0
11809871632,美食饮料,666666,:,未知,2025/4/25 13:05,就是让她羡慕,0
11809871632,美食饮料,666666,小生:,未知,2025/4/25 13:05,哇塞!,0
11809871632,美食饮料,666666,小桃子:,未知,2025/4/25 13:06,好好看,0
11809871632,美食饮料,666666,Tingzzz:,未知,2025/4/25 13:06,利用我一天乛,0
11809871632,美食饮料,666666,Tingzzz:,未知,2025/4/25 13:06,利用我一早上,0
11809871632,美食饮料,666666,不爱吃苹果:,未知,2025/4/25 13:06,大漂亮是不是要哭了[捂嘴笑R],0
11809871632,美食饮料,666666,小嫩猪蹄子:,未知,2025/4/25 13:06,"哈哈哈哈,怪不得小胖茂一直在找小猪妮",0
11809871632,美食饮料,666666,椰椰椰子:,未知,2025/4/25 13:06,大漂亮別哭,0
11809871632,美食饮料,666666,:,未知,2025/4/25 13:06,人家我哥哥说了不要,0
11809871632,美食饮料,666666,不爱吃苹果:,未知,2025/4/25 13:06,小猪咪上次就是哭了,0
11809871632,美食饮料,666666,小胖茂:,未知,2025/4/25 13:06,不要这样大漂亮,0
11809871632,美食饮料,666666,不爱吃苹果:,未知,2025/4/25 13:06,直接播不了了,0
11809871632,美食饮料,666666,小胖茂:,未知,2025/4/25 13:07,是想要让你开心,0
11809871632,美食饮料,666666,椰椰椰子:,未知,2025/4/25 13:07,@小胖茂你看看你,0
11809871632,美食饮料,666666,Tingzzz:,未知,2025/4/25 13:07,放心一会回家到小猪妮哭,0
11809871632,美食饮料,666666,娃娃菜葉子飄啊飄:,未知,2025/4/25 13:07,別哭你們哭我的眼淚也出來了,0
11809871632,美食饮料,666666,可爱鱼:,未知,2025/4/25 13:07,不哭不哭!,0
11809871632,美食饮料,666666,小胖茂:,未知,2025/4/25 13:07,我的错,0
11809871632,美食饮料,666666,小桃子:,未知,2025/4/25 13:07,@Tingzzz我觉得会啊哈哈哈,0
11809871632,美食饮料,666666,椰椰椰子:,未知,2025/4/25 13:07,大漂亮說謝謝就好,0
11809871632,美食饮料,666666,不爱吃苹果:,未知,2025/4/25 13:07,"不说了,都是泪[捂嘴笑R]",0
11809871632,美食饮料,666666,小嫩猪蹄子:,未知,2025/4/25 13:07,这是感动～,0
11809871632,美食饮料,666666,小胖茂:,未知,2025/4/25 13:07,别这样我都哭了,0
11809871632,美食饮料,666666,小桃子:,未知,2025/4/25 13:07,啊哈哈哈哈哈,0
11809871632,美食饮料,666666,小桃子:,未知,2025/4/25 13:07,盒子反光我看到你们啦,0
11809871632,美食饮料,666666,娃娃菜葉子飄啊飄:,未知,2025/4/25 13:07,不可以哭我的眼淚也出來了啦,0
11809871632,美食饮料,666666,Tingzzz:,未知,2025/4/25 13:08,蹲一会等小猪妮哭,0
11809871632,美食饮料,666666,Ruby (张芸瑕):,未知,2025/4/25 13:08,看到你们都没事的,0
11809871632,美食饮料,666666,小生:,未知,2025/4/25 13:08,宝宝!别哭!别低头!皇冠很掉!,0
11809871632,美食饮料,666666,Lanbabe:,未知,2025/4/25 13:08,我刚来,0
11809871632,美食饮料,666666,Vking:,未知,2025/4/25 13:08,我在开会听不到声音,0
11809871632,美食饮料,666666,小桃子:,未知,2025/4/25 13:08,大家都爱你们,0
11809871632,美食饮料,666666,小胖茂:,未知,2025/4/25 13:08,我抢了好几天,0
11809871632,美食饮料,666666,Lanbabe:,未知,2025/4/25 13:08,感动哭了?,0
11809871632,美食饮料,666666,Tingzzz:,未知,2025/4/25 13:08,她们利用我,0
11809871632,美食饮料,666666,可爱鱼:,未知,2025/4/25 13:08,小猪妮,0
11809871632,美食饮料,666666,椰椰椰子:,未知,2025/4/25 13:08,所以小豬妮那個是真的有嗎,1
11809871632,美食饮料,666666,小桃子:,未知,2025/4/25 13:08,"亭,你今天是被做隐瞒的人啊哈哈哈",0
11809871632,美食饮料,666666,小桃子:,未知,2025/4/25 13:09,小猪妮回家轮到你哭啦,0
11809871632,美食饮料,666666,小胖茂:,未知,2025/4/25 13:09,我也紧张死了,0
11809871632,美食饮料,666666,小胖茂:,未知,2025/4/25 13:09,不会的亭子知道,0
11809871632,美食饮料,666666,小生:,未知,2025/4/25 13:09,有爱的直播间,0
11809871632,美食饮料,666666,不加:,未知,2025/4/25 13:09,亭子馬上打開購物軟件,1
11809871632,美食饮料,666666,小桃子:,未知,2025/4/25 13:09,啊哈哈哈哈哈,0
11809871632,美食饮料,666666,椰椰椰子:,未知,2025/4/25 13:09,他們都是共享的,0
11809871632,美食饮料,666666,小桃子:,未知,2025/4/25 13:10,看到你们啦,0
11809871632,美食饮料,666666,娃娃菜葉子飄啊飄:,未知,2025/4/25 13:10,只要小豬妮說不喜歡就是喜歡,0
11809871632,美食饮料,666666,Tingzzz:,未知,2025/4/25 13:10,亭子表示我啥也不知道,0
11809871632,美食饮料,666666,不爱吃苹果:,未知,2025/4/25 13:10,"盒子反光,都看到了",0
11809871632,美食饮料,666666,Lanbabe:,未知,2025/4/25 13:10,@小胖茂谢谢你宠爱大漂亮,0
11809871632,美食饮料,666666,不爱吃苹果:,未知,2025/4/25 13:10,没事没事,0
11809871632,美食饮料,666666,小胖茂:,未知,2025/4/25 13:10,因为你五一不放假提前送你的五一礼物,0
11809871632,美食饮料,666666,椰椰椰子:,未知,2025/4/25 13:10,只能摸腳趾頭,0
11809871632,美食饮料,666666,小胖茂:,未知,2025/4/25 13:11,白色的那个是小信使,1
11809871632,美食饮料,666666,小生:,未知,2025/4/25 13:11,大漂亮你得发作品啦!,0
11809871632,美食饮料,666666,小胖茂:,未知,2025/4/25 13:11,这款是信使兽,1
11809871632,美食饮料,666666,不加:,未知,2025/4/25 13:11,酷姐喜歡什麼顏色,0
11809871632,美食饮料,666666,:,未知,2025/4/25 13:11,"我问哥哥喜欢不喜欢大首领和天使,人家来句不要不要我可不要,太占地方了",0
11809871632,美食饮料,666666,小胖茂:,未知,2025/4/25 13:11,大漂亮我有一封手写信给你看,0
11809871632,美食饮料,666666,不爱吃苹果:,未知,2025/4/25 13:11,等待鱼的新作品新笔记,0
11809871632,美食饮料,666666,不爱吃苹果:,未知,2025/4/25 13:11,酷姐喜欢罗,0
11809871632,美食饮料,666666,小胖茂:,未知,2025/4/25 13:11,我发给小猪你了,0
11809871632,美食饮料,666666,小胖茂:,未知,2025/4/25 13:12,没寄过去,0
11809871632,美食饮料,666666,小胖茂:,未知,2025/4/25 13:12,你读吧她读不了,0
11809871632,美食饮料,666666,椰椰椰子:,未知,2025/4/25 13:12,還是發給大漂亮吧,0
11809871632,美食饮料,666666,小胖茂:,未知,2025/4/25 13:12,自己看吧,0
11809871632,美食饮料,666666,不爱吃苹果:,未知,2025/4/25 13:12,"小富茂总,你真的是,惊喜重重呀",0
11809871632,美食饮料,666666,小胖茂:,未知,2025/4/25 13:12,我也哭了,0
11809871632,美食饮料,666666,不爱吃苹果:,未知,2025/4/25 13:12,不读吧,0
11809871632,美食饮料,666666,不爱吃苹果:,未知,2025/4/25 13:13,"读了,收不住",0
11809871632,美食饮料,666666,小生:,未知,2025/4/25 13:13,我泪点低,0
11809871632,美食饮料,666666,小胖茂:,未知,2025/4/25 13:13,我憋回去,0
11809871632,美食饮料,666666,小桃子:,未知,2025/4/25 13:13,小猪妮确定你会哭,0
11809871632,美食饮料,666666,Lanbabe:,未知,2025/4/25 13:13,别读了等下整个直播间哭了,0
11809871632,美食饮料,666666,小胖茂:,未知,2025/4/25 13:13,照顾好自己大漂亮,0
11809871632,美食饮料,666666,椰椰椰子:,未知,2025/4/25 13:13,一起去大漂亮家哭吧,0
11809871632,美食饮料,666666,Tingzzz:,未知,2025/4/25 13:13,我不会哭,0
11809871632,美食饮料,666666,:,未知,2025/4/25 13:13,"行了,快走吧,我脑袋疼",0
11809871632,美食饮料,666666,小桃子:,未知,2025/4/25 13:13,小猪妮回家哭,0
11809871632,美食饮料,666666,小胖茂:,未知,2025/4/25 13:13,我永远是你最忠诚的朋友,0
11809871632,美食饮料,666666,Tingzzz:,未知,2025/4/25 13:14,快下吧,1
11809871632,美食饮料,666666,娃娃菜葉子飄啊飄:,未知,2025/4/25 13:14,愛你們,0
11809871632,美食饮料,666666,小生:,未知,2025/4/25 13:14,没事的没事的,0
11809871632,美食饮料,666666,小胖茂:,未知,2025/4/25 13:14,快去吃饭吧,0
